Title 1,Title 2,Similarity
Sebzeciler Odası’nda ‘Gedik’ güven tazeledi,Sebzeciler Odası’nda ‘Gedik’ güven tazeledi,0.0
Sebzeciler Odası’nda ‘Gedik’ güven tazeledi,Sebzeciler Odası’nda ‘Gedik’ güven tazeledi,1.0000000000000002
Sebzeciler Odası’nda ‘Gedik’ güven tazeledi,Sebzeciler Odası’nda ‘Gedik’ güven tazeledi,1.0000000000000002
Sebzeciler Odası’nda ‘Gedik’ güven tazeledi,Sebzeciler Odası’nda ‘Gedik’ güven tazeledi,1.0000000000000002
Sebzeciler Odası’nda ‘Gedik’ güven tazeledi,Sebzecilerden ‘Gedik’e güvenoyu - Doğrusöz Gazetesi,0.18257418583505539
Sebzeciler Odası’nda ‘Gedik’ güven tazeledi,Sebzecilerden ‘Gedik’e güvenoyu - Doğrusöz Gazetesi,0.18257418583505539
Sebzeciler Odası’nda ‘Gedik’ güven tazeledi,Sebzecilerden ‘Gedik’e güvenoyu - Doğrusöz Gazetesi,0.18257418583505539
Sebzeciler Odası’nda ‘Gedik’ güven tazeledi,Sebzeciler Odası’nda ‘Gedik’ güven tazeledi,1.0000000000000002
Sebzeciler Odası’nda ‘Gedik’ güven tazeledi,Sebzeciler Odası’nda ‘Gedik’ güven tazeledi,1.0000000000000002
Sebzeciler Odası’nda ‘Gedik’ güven tazeledi,Sebzeciler Odası’nda ‘Gedik’ güven tazeledi,1.0000000000000002
Sebzeciler Odası’nda ‘Gedik’ güven tazeledi,Sebzecilerden ‘Gedik’e güvenoyu - Doğrusöz Gazetesi,0.18257418583505539
Sebzeciler Odası’nda ‘Gedik’ güven tazeledi,Sebzecilerden ‘Gedik’e güvenoyu - Doğrusöz Gazetesi,0.18257418583505539
Sebzeciler Odası’nda ‘Gedik’ güven tazeledi,Sebzecilerden ‘Gedik’e güvenoyu - Doğrusöz Gazetesi,0.18257418583505539
Sebzeciler Odası’nda ‘Gedik’ güven tazeledi,"Yücel Gedik  güven tazeledi – Kastamonu Gazetesi – Kastamonu ve Bölge Haberleri, Kastamonuspor, Şehir Gündemi ve Son Dakika Haberleri",0.2809757434745082
Sebzeciler Odası’nda ‘Gedik’ güven tazeledi,"Yücel Gedik  güven tazeledi | Kastamonu Gazetesi - Kastamonu ve Bölge Haberleri, Kastamonuspor, Şehir Gündemi ve Son Dakika Haberleri",0.2809757434745082
Sebzeciler Odası’nda ‘Gedik’ güven tazeledi,"Yücel Gedik  güven tazeledi | Kastamonu Gazetesi - Kastamonu ve Bölge Haberleri, Kastamonuspor, Şehir Gündemi ve Son Dakika Haberleri",0.2809757434745082
Sebzeciler Odası’nda ‘Gedik’ güven tazeledi,"Yücel Gedik  güven tazeledi | Kastamonu Gazetesi - Kastamonu ve Bölge Haberleri, Kastamonuspor, Şehir Gündemi ve Son Dakika Haberleri",0.2809757434745082
Sebzeciler Odası’nda ‘Gedik’ güven tazeledi,Keskin´de Gelecek Partisi Gedikali´ye emanet,0.0
Sebzeciler Odası’nda ‘Gedik’ güven tazeledi,Sebzecilerden ‘Gedik’e güvenoyu - Doğrusöz Gazetesi,0.18257418583505539
Sebzeciler Odası’nda ‘Gedik’ güven tazeledi,"Yücel Gedik  güven tazeledi | Kastamonu Gazetesi - Kastamonu ve Bölge Haberleri, Kastamonuspor, Şehir Gündemi ve Son Dakika Haberleri",0.2809757434745082
Sebzeciler Odası’nda ‘Gedik’ güven tazeledi,"Yücel Gedik  güven tazeledi | Kastamonu Gazetesi - Kastamonu ve Bölge Haberleri, Kastamonuspor, Şehir Gündemi ve Son Dakika Haberleri",0.2809757434745082
Sebzeciler Odası’nda ‘Gedik’ güven tazeledi,"Yücel Gedik  güven tazeledi | Kastamonu Gazetesi - Kastamonu ve Bölge Haberleri, Kastamonuspor, Şehir Gündemi ve Son Dakika Haberleri",0.2809757434745082
Sebzeciler Odası’nda ‘Gedik’ güven tazeledi,Sebzeciler Odası’nda ‘Gedik’ güven tazeledi,1.0000000000000002
Sebzeciler Odası’nda ‘Gedik’ güven tazeledi,Sebzeciler Odası’nda ‘Gedik’ güven tazeledi,0.0
Sebzeciler Odası’nda ‘Gedik’ güven tazeledi,Sebzeciler Odası’nda ‘Gedik’ güven tazeledi,1.0000000000000002
Sebzeciler Odası’nda ‘Gedik’ güven tazeledi,Sebzeciler Odası’nda ‘Gedik’ güven tazeledi,1.0000000000000002
Sebzeciler Odası’nda ‘Gedik’ güven tazeledi,Sebzecilerden ‘Gedik’e güvenoyu - Doğrusöz Gazetesi,0.18257418583505539
Sebzeciler Odası’nda ‘Gedik’ güven tazeledi,Sebzecilerden ‘Gedik’e güvenoyu - Doğrusöz Gazetesi,0.18257418583505539
Sebzeciler Odası’nda ‘Gedik’ güven tazeledi,Sebzecilerden ‘Gedik’e güvenoyu - Doğrusöz Gazetesi,0.18257418583505539
Sebzeciler Odası’nda ‘Gedik’ güven tazeledi,Sebzeciler Odası’nda ‘Gedik’ güven tazeledi,1.0000000000000002
Sebzeciler Odası’nda ‘Gedik’ güven tazeledi,Sebzeciler Odası’nda ‘Gedik’ güven tazeledi,1.0000000000000002
Sebzeciler Odası’nda ‘Gedik’ güven tazeledi,Sebzeciler Odası’nda ‘Gedik’ güven tazeledi,1.0000000000000002
Sebzeciler Odası’nda ‘Gedik’ güven tazeledi,Sebzecilerden ‘Gedik’e güvenoyu - Doğrusöz Gazetesi,0.18257418583505539
Sebzeciler Odası’nda ‘Gedik’ güven tazeledi,Sebzecilerden ‘Gedik’e güvenoyu - Doğrusöz Gazetesi,0.18257418583505539
Sebzeciler Odası’nda ‘Gedik’ güven tazeledi,Sebzecilerden ‘Gedik’e güvenoyu - Doğrusöz Gazetesi,0.18257418583505539
Sebzeciler Odası’nda ‘Gedik’ güven tazeledi,"Yücel Gedik  güven tazeledi – Kastamonu Gazetesi – Kastamonu ve Bölge Haberleri, Kastamonuspor, Şehir Gündemi ve Son Dakika Haberleri",0.2809757434745082
Sebzeciler Odası’nda ‘Gedik’ güven tazeledi,"Yücel Gedik  güven tazeledi | Kastamonu Gazetesi - Kastamonu ve Bölge Haberleri, Kastamonuspor, Şehir Gündemi ve Son Dakika Haberleri",0.2809757434745082
Sebzeciler Odası’nda ‘Gedik’ güven tazeledi,"Yücel Gedik  güven tazeledi | Kastamonu Gazetesi - Kastamonu ve Bölge Haberleri, Kastamonuspor, Şehir Gündemi ve Son Dakika Haberleri",0.2809757434745082
Sebzeciler Odası’nda ‘Gedik’ güven tazeledi,"Yücel Gedik  güven tazeledi | Kastamonu Gazetesi - Kastamonu ve Bölge Haberleri, Kastamonuspor, Şehir Gündemi ve Son Dakika Haberleri",0.2809757434745082
Sebzeciler Odası’nda ‘Gedik’ güven tazeledi,Keskin´de Gelecek Partisi Gedikali´ye emanet,0.0
Sebzeciler Odası’nda ‘Gedik’ güven tazeledi,Sebzecilerden ‘Gedik’e güvenoyu - Doğrusöz Gazetesi,0.18257418583505539
Sebzeciler Odası’nda ‘Gedik’ güven tazeledi,"Yücel Gedik  güven tazeledi | Kastamonu Gazetesi - Kastamonu ve Bölge Haberleri, Kastamonuspor, Şehir Gündemi ve Son Dakika Haberleri",0.2809757434745082
Sebzeciler Odası’nda ‘Gedik’ güven tazeledi,"Yücel Gedik  güven tazeledi | Kastamonu Gazetesi - Kastamonu ve Bölge Haberleri, Kastamonuspor, Şehir Gündemi ve Son Dakika Haberleri",0.2809757434745082
Sebzeciler Odası’nda ‘Gedik’ güven tazeledi,"Yücel Gedik  güven tazeledi | Kastamonu Gazetesi - Kastamonu ve Bölge Haberleri, Kastamonuspor, Şehir Gündemi ve Son Dakika Haberleri",0.2809757434745082
Sebzeciler Odası’nda ‘Gedik’ güven tazeledi,Sebzeciler Odası’nda ‘Gedik’ güven tazeledi,1.0000000000000002
Sebzeciler Odası’nda ‘Gedik’ güven tazeledi,Sebzeciler Odası’nda ‘Gedik’ güven tazeledi,1.0000000000000002
Sebzeciler Odası’nda ‘Gedik’ güven tazeledi,Sebzeciler Odası’nda ‘Gedik’ güven tazeledi,0.0
Sebzeciler Odası’nda ‘Gedik’ güven tazeledi,Sebzeciler Odası’nda ‘Gedik’ güven tazeledi,1.0000000000000002
Sebzeciler Odası’nda ‘Gedik’ güven tazeledi,Sebzecilerden ‘Gedik’e güvenoyu - Doğrusöz Gazetesi,0.18257418583505539
Sebzeciler Odası’nda ‘Gedik’ güven tazeledi,Sebzecilerden ‘Gedik’e güvenoyu - Doğrusöz Gazetesi,0.18257418583505539
Sebzeciler Odası’nda ‘Gedik’ güven tazeledi,Sebzecilerden ‘Gedik’e güvenoyu - Doğrusöz Gazetesi,0.18257418583505539
Sebzeciler Odası’nda ‘Gedik’ güven tazeledi,Sebzeciler Odası’nda ‘Gedik’ güven tazeledi,1.0000000000000002
Sebzeciler Odası’nda ‘Gedik’ güven tazeledi,Sebzeciler Odası’nda ‘Gedik’ güven tazeledi,1.0000000000000002
Sebzeciler Odası’nda ‘Gedik’ güven tazeledi,Sebzeciler Odası’nda ‘Gedik’ güven tazeledi,1.0000000000000002
Sebzeciler Odası’nda ‘Gedik’ güven tazeledi,Sebzecilerden ‘Gedik’e güvenoyu - Doğrusöz Gazetesi,0.18257418583505539
Sebzeciler Odası’nda ‘Gedik’ güven tazeledi,Sebzecilerden ‘Gedik’e güvenoyu - Doğrusöz Gazetesi,0.18257418583505539
Sebzeciler Odası’nda ‘Gedik’ güven tazeledi,Sebzecilerden ‘Gedik’e güvenoyu - Doğrusöz Gazetesi,0.18257418583505539
Sebzeciler Odası’nda ‘Gedik’ güven tazeledi,"Yücel Gedik  güven tazeledi – Kastamonu Gazetesi – Kastamonu ve Bölge Haberleri, Kastamonuspor, Şehir Gündemi ve Son Dakika Haberleri",0.2809757434745082
Sebzeciler Odası’nda ‘Gedik’ güven tazeledi,"Yücel Gedik  güven tazeledi | Kastamonu Gazetesi - Kastamonu ve Bölge Haberleri, Kastamonuspor, Şehir Gündemi ve Son Dakika Haberleri",0.2809757434745082
Sebzeciler Odası’nda ‘Gedik’ güven tazeledi,"Yücel Gedik  güven tazeledi | Kastamonu Gazetesi - Kastamonu ve Bölge Haberleri, Kastamonuspor, Şehir Gündemi ve Son Dakika Haberleri",0.2809757434745082
Sebzeciler Odası’nda ‘Gedik’ güven tazeledi,"Yücel Gedik  güven tazeledi | Kastamonu Gazetesi - Kastamonu ve Bölge Haberleri, Kastamonuspor, Şehir Gündemi ve Son Dakika Haberleri",0.2809757434745082
Sebzeciler Odası’nda ‘Gedik’ güven tazeledi,Keskin´de Gelecek Partisi Gedikali´ye emanet,0.0
Sebzeciler Odası’nda ‘Gedik’ güven tazeledi,Sebzecilerden ‘Gedik’e güvenoyu - Doğrusöz Gazetesi,0.18257418583505539
Sebzeciler Odası’nda ‘Gedik’ güven tazeledi,"Yücel Gedik  güven tazeledi | Kastamonu Gazetesi - Kastamonu ve Bölge Haberleri, Kastamonuspor, Şehir Gündemi ve Son Dakika Haberleri",0.2809757434745082
Sebzeciler Odası’nda ‘Gedik’ güven tazeledi,"Yücel Gedik  güven tazeledi | Kastamonu Gazetesi - Kastamonu ve Bölge Haberleri, Kastamonuspor, Şehir Gündemi ve Son Dakika Haberleri",0.2809757434745082
Sebzeciler Odası’nda ‘Gedik’ güven tazeledi,"Yücel Gedik  güven tazeledi | Kastamonu Gazetesi - Kastamonu ve Bölge Haberleri, Kastamonuspor, Şehir Gündemi ve Son Dakika Haberleri",0.2809757434745082
Sebzeciler Odası’nda ‘Gedik’ güven tazeledi,Sebzeciler Odası’nda ‘Gedik’ güven tazeledi,1.0000000000000002
Sebzeciler Odası’nda ‘Gedik’ güven tazeledi,Sebzeciler Odası’nda ‘Gedik’ güven tazeledi,1.0000000000000002
Sebzeciler Odası’nda ‘Gedik’ güven tazeledi,Sebzeciler Odası’nda ‘Gedik’ güven tazeledi,1.0000000000000002
Sebzeciler Odası’nda ‘Gedik’ güven tazeledi,Sebzeciler Odası’nda ‘Gedik’ güven tazeledi,0.0
Sebzeciler Odası’nda ‘Gedik’ güven tazeledi,Sebzecilerden ‘Gedik’e güvenoyu - Doğrusöz Gazetesi,0.18257418583505539
Sebzeciler Odası’nda ‘Gedik’ güven tazeledi,Sebzecilerden ‘Gedik’e güvenoyu - Doğrusöz Gazetesi,0.18257418583505539
Sebzeciler Odası’nda ‘Gedik’ güven tazeledi,Sebzecilerden ‘Gedik’e güvenoyu - Doğrusöz Gazetesi,0.18257418583505539
Sebzeciler Odası’nda ‘Gedik’ güven tazeledi,Sebzeciler Odası’nda ‘Gedik’ güven tazeledi,1.0000000000000002
Sebzeciler Odası’nda ‘Gedik’ güven tazeledi,Sebzeciler Odası’nda ‘Gedik’ güven tazeledi,1.0000000000000002
Sebzeciler Odası’nda ‘Gedik’ güven tazeledi,Sebzeciler Odası’nda ‘Gedik’ güven tazeledi,1.0000000000000002
Sebzeciler Odası’nda ‘Gedik’ güven tazeledi,Sebzecilerden ‘Gedik’e güvenoyu - Doğrusöz Gazetesi,0.18257418583505539
Sebzeciler Odası’nda ‘Gedik’ güven tazeledi,Sebzecilerden ‘Gedik’e güvenoyu - Doğrusöz Gazetesi,0.18257418583505539
Sebzeciler Odası’nda ‘Gedik’ güven tazeledi,Sebzecilerden ‘Gedik’e güvenoyu - Doğrusöz Gazetesi,0.18257418583505539
Sebzeciler Odası’nda ‘Gedik’ güven tazeledi,"Yücel Gedik  güven tazeledi – Kastamonu Gazetesi – Kastamonu ve Bölge Haberleri, Kastamonuspor, Şehir Gündemi ve Son Dakika Haberleri",0.2809757434745082
Sebzeciler Odası’nda ‘Gedik’ güven tazeledi,"Yücel Gedik  güven tazeledi | Kastamonu Gazetesi - Kastamonu ve Bölge Haberleri, Kastamonuspor, Şehir Gündemi ve Son Dakika Haberleri",0.2809757434745082
Sebzeciler Odası’nda ‘Gedik’ güven tazeledi,"Yücel Gedik  güven tazeledi | Kastamonu Gazetesi - Kastamonu ve Bölge Haberleri, Kastamonuspor, Şehir Gündemi ve Son Dakika Haberleri",0.2809757434745082
Sebzeciler Odası’nda ‘Gedik’ güven tazeledi,"Yücel Gedik  güven tazeledi | Kastamonu Gazetesi - Kastamonu ve Bölge Haberleri, Kastamonuspor, Şehir Gündemi ve Son Dakika Haberleri",0.2809757434745082
Sebzeciler Odası’nda ‘Gedik’ güven tazeledi,Keskin´de Gelecek Partisi Gedikali´ye emanet,0.0
Sebzeciler Odası’nda ‘Gedik’ güven tazeledi,Sebzecilerden ‘Gedik’e güvenoyu - Doğrusöz Gazetesi,0.18257418583505539
Sebzeciler Odası’nda ‘Gedik’ güven tazeledi,"Yücel Gedik  güven tazeledi | Kastamonu Gazetesi - Kastamonu ve Bölge Haberleri, Kastamonuspor, Şehir Gündemi ve Son Dakika Haberleri",0.2809757434745082
Sebzeciler Odası’nda ‘Gedik’ güven tazeledi,"Yücel Gedik  güven tazeledi | Kastamonu Gazetesi - Kastamonu ve Bölge Haberleri, Kastamonuspor, Şehir Gündemi ve Son Dakika Haberleri",0.2809757434745082
Sebzeciler Odası’nda ‘Gedik’ güven tazeledi,"Yücel Gedik  güven tazeledi | Kastamonu Gazetesi - Kastamonu ve Bölge Haberleri, Kastamonuspor, Şehir Gündemi ve Son Dakika Haberleri",0.2809757434745082
Sebzecilerden ‘Gedik’e güvenoyu - Doğrusöz Gazetesi,Sebzeciler Odası’nda ‘Gedik’ güven tazeledi,0.18257418583505539
Sebzecilerden ‘Gedik’e güvenoyu - Doğrusöz Gazetesi,Sebzeciler Odası’nda ‘Gedik’ güven tazeledi,0.18257418583505539
Sebzecilerden ‘Gedik’e güvenoyu - Doğrusöz Gazetesi,Sebzeciler Odası’nda ‘Gedik’ güven tazeledi,0.18257418583505539
Sebzecilerden ‘Gedik’e güvenoyu - Doğrusöz Gazetesi,Sebzeciler Odası’nda ‘Gedik’ güven tazeledi,0.18257418583505539
Sebzecilerden ‘Gedik’e güvenoyu - Doğrusöz Gazetesi,Sebzecilerden ‘Gedik’e güvenoyu - Doğrusöz Gazetesi,0.0
Sebzecilerden ‘Gedik’e güvenoyu - Doğrusöz Gazetesi,Sebzecilerden ‘Gedik’e güvenoyu - Doğrusöz Gazetesi,0.9999999999999999
Sebzecilerden ‘Gedik’e güvenoyu - Doğrusöz Gazetesi,Sebzecilerden ‘Gedik’e güvenoyu - Doğrusöz Gazetesi,0.9999999999999999
Sebzecilerden ‘Gedik’e güvenoyu - Doğrusöz Gazetesi,Sebzeciler Odası’nda ‘Gedik’ güven tazeledi,0.18257418583505539
Sebzecilerden ‘Gedik’e güvenoyu - Doğrusöz Gazetesi,Sebzeciler Odası’nda ‘Gedik’ güven tazeledi,0.18257418583505539
Sebzecilerden ‘Gedik’e güvenoyu - Doğrusöz Gazetesi,Sebzeciler Odası’nda ‘Gedik’ güven tazeledi,0.18257418583505539
Sebzecilerden ‘Gedik’e güvenoyu - Doğrusöz Gazetesi,Sebzecilerden ‘Gedik’e güvenoyu - Doğrusöz Gazetesi,0.9999999999999999
Sebzecilerden ‘Gedik’e güvenoyu - Doğrusöz Gazetesi,Sebzecilerden ‘Gedik’e güvenoyu - Doğrusöz Gazetesi,0.9999999999999999
Sebzecilerden ‘Gedik’e güvenoyu - Doğrusöz Gazetesi,Sebzecilerden ‘Gedik’e güvenoyu - Doğrusöz Gazetesi,0.9999999999999999
Sebzecilerden ‘Gedik’e güvenoyu - Doğrusöz Gazetesi,"Yücel Gedik  güven tazeledi – Kastamonu Gazetesi – Kastamonu ve Bölge Haberleri, Kastamonuspor, Şehir Gündemi ve Son Dakika Haberleri",0.2051956704170308
Sebzecilerden ‘Gedik’e güvenoyu - Doğrusöz Gazetesi,"Yücel Gedik  güven tazeledi | Kastamonu Gazetesi - Kastamonu ve Bölge Haberleri, Kastamonuspor, Şehir Gündemi ve Son Dakika Haberleri",0.2051956704170308
Sebzecilerden ‘Gedik’e güvenoyu - Doğrusöz Gazetesi,"Yücel Gedik  güven tazeledi | Kastamonu Gazetesi - Kastamonu ve Bölge Haberleri, Kastamonuspor, Şehir Gündemi ve Son Dakika Haberleri",0.2051956704170308
Sebzecilerden ‘Gedik’e güvenoyu - Doğrusöz Gazetesi,"Yücel Gedik  güven tazeledi | Kastamonu Gazetesi - Kastamonu ve Bölge Haberleri, Kastamonuspor, Şehir Gündemi ve Son Dakika Haberleri",0.2051956704170308
Sebzecilerden ‘Gedik’e güvenoyu - Doğrusöz Gazetesi,Keskin´de Gelecek Partisi Gedikali´ye emanet,0.0
Sebzecilerden ‘Gedik’e güvenoyu - Doğrusöz Gazetesi,Sebzecilerden ‘Gedik’e güvenoyu - Doğrusöz Gazetesi,0.9999999999999999
Sebzecilerden ‘Gedik’e güvenoyu - Doğrusöz Gazetesi,"Yücel Gedik  güven tazeledi | Kastamonu Gazetesi - Kastamonu ve Bölge Haberleri, Kastamonuspor, Şehir Gündemi ve Son Dakika Haberleri",0.2051956704170308
Sebzecilerden ‘Gedik’e güvenoyu - Doğrusöz Gazetesi,"Yücel Gedik  güven tazeledi | Kastamonu Gazetesi - Kastamonu ve Bölge Haberleri, Kastamonuspor, Şehir Gündemi ve Son Dakika Haberleri",0.2051956704170308
Sebzecilerden ‘Gedik’e güvenoyu - Doğrusöz Gazetesi,"Yücel Gedik  güven tazeledi | Kastamonu Gazetesi - Kastamonu ve Bölge Haberleri, Kastamonuspor, Şehir Gündemi ve Son Dakika Haberleri",0.2051956704170308
Sebzecilerden ‘Gedik’e güvenoyu - Doğrusöz Gazetesi,Sebzeciler Odası’nda ‘Gedik’ güven tazeledi,0.18257418583505539
Sebzecilerden ‘Gedik’e güvenoyu - Doğrusöz Gazetesi,Sebzeciler Odası’nda ‘Gedik’ güven tazeledi,0.18257418583505539
Sebzecilerden ‘Gedik’e güvenoyu - Doğrusöz Gazetesi,Sebzeciler Odası’nda ‘Gedik’ güven tazeledi,0.18257418583505539
Sebzecilerden ‘Gedik’e güvenoyu - Doğrusöz Gazetesi,Sebzeciler Odası’nda ‘Gedik’ güven tazeledi,0.18257418583505539
Sebzecilerden ‘Gedik’e güvenoyu - Doğrusöz Gazetesi,Sebzecilerden ‘Gedik’e güvenoyu - Doğrusöz Gazetesi,0.9999999999999999
Sebzecilerden ‘Gedik’e güvenoyu - Doğrusöz Gazetesi,Sebzecilerden ‘Gedik’e güvenoyu - Doğrusöz Gazetesi,0.0
Sebzecilerden ‘Gedik’e güvenoyu - Doğrusöz Gazetesi,Sebzecilerden ‘Gedik’e güvenoyu - Doğrusöz Gazetesi,0.9999999999999999
Sebzecilerden ‘Gedik’e güvenoyu - Doğrusöz Gazetesi,Sebzeciler Odası’nda ‘Gedik’ güven tazeledi,0.18257418583505539
Sebzecilerden ‘Gedik’e güvenoyu - Doğrusöz Gazetesi,Sebzeciler Odası’nda ‘Gedik’ güven tazeledi,0.18257418583505539
Sebzecilerden ‘Gedik’e güvenoyu - Doğrusöz Gazetesi,Sebzeciler Odası’nda ‘Gedik’ güven tazeledi,0.18257418583505539
Sebzecilerden ‘Gedik’e güvenoyu - Doğrusöz Gazetesi,Sebzecilerden ‘Gedik’e güvenoyu - Doğrusöz Gazetesi,0.9999999999999999
Sebzecilerden ‘Gedik’e güvenoyu - Doğrusöz Gazetesi,Sebzecilerden ‘Gedik’e güvenoyu - Doğrusöz Gazetesi,0.9999999999999999
Sebzecilerden ‘Gedik’e güvenoyu - Doğrusöz Gazetesi,Sebzecilerden ‘Gedik’e güvenoyu - Doğrusöz Gazetesi,0.9999999999999999
Sebzecilerden ‘Gedik’e güvenoyu - Doğrusöz Gazetesi,"Yücel Gedik  güven tazeledi – Kastamonu Gazetesi – Kastamonu ve Bölge Haberleri, Kastamonuspor, Şehir Gündemi ve Son Dakika Haberleri",0.2051956704170308
Sebzecilerden ‘Gedik’e güvenoyu - Doğrusöz Gazetesi,"Yücel Gedik  güven tazeledi | Kastamonu Gazetesi - Kastamonu ve Bölge Haberleri, Kastamonuspor, Şehir Gündemi ve Son Dakika Haberleri",0.2051956704170308
Sebzecilerden ‘Gedik’e güvenoyu - Doğrusöz Gazetesi,"Yücel Gedik  güven tazeledi | Kastamonu Gazetesi - Kastamonu ve Bölge Haberleri, Kastamonuspor, Şehir Gündemi ve Son Dakika Haberleri",0.2051956704170308
Sebzecilerden ‘Gedik’e güvenoyu - Doğrusöz Gazetesi,"Yücel Gedik  güven tazeledi | Kastamonu Gazetesi - Kastamonu ve Bölge Haberleri, Kastamonuspor, Şehir Gündemi ve Son Dakika Haberleri",0.2051956704170308
Sebzecilerden ‘Gedik’e güvenoyu - Doğrusöz Gazetesi,Keskin´de Gelecek Partisi Gedikali´ye emanet,0.0
Sebzecilerden ‘Gedik’e güvenoyu - Doğrusöz Gazetesi,Sebzecilerden ‘Gedik’e güvenoyu - Doğrusöz Gazetesi,0.9999999999999999
Sebzecilerden ‘Gedik’e güvenoyu - Doğrusöz Gazetesi,"Yücel Gedik  güven tazeledi | Kastamonu Gazetesi - Kastamonu ve Bölge Haberleri, Kastamonuspor, Şehir Gündemi ve Son Dakika Haberleri",0.2051956704170308
Sebzecilerden ‘Gedik’e güvenoyu - Doğrusöz Gazetesi,"Yücel Gedik  güven tazeledi | Kastamonu Gazetesi - Kastamonu ve Bölge Haberleri, Kastamonuspor, Şehir Gündemi ve Son Dakika Haberleri",0.2051956704170308
Sebzecilerden ‘Gedik’e güvenoyu - Doğrusöz Gazetesi,"Yücel Gedik  güven tazeledi | Kastamonu Gazetesi - Kastamonu ve Bölge Haberleri, Kastamonuspor, Şehir Gündemi ve Son Dakika Haberleri",0.2051956704170308
Sebzecilerden ‘Gedik’e güvenoyu - Doğrusöz Gazetesi,Sebzeciler Odası’nda ‘Gedik’ güven tazeledi,0.18257418583505539
Sebzecilerden ‘Gedik’e güvenoyu - Doğrusöz Gazetesi,Sebzeciler Odası’nda ‘Gedik’ güven tazeledi,0.18257418583505539
Sebzecilerden ‘Gedik’e güvenoyu - Doğrusöz Gazetesi,Sebzeciler Odası’nda ‘Gedik’ güven tazeledi,0.18257418583505539
Sebzecilerden ‘Gedik’e güvenoyu - Doğrusöz Gazetesi,Sebzeciler Odası’nda ‘Gedik’ güven tazeledi,0.18257418583505539
Sebzecilerden ‘Gedik’e güvenoyu - Doğrusöz Gazetesi,Sebzecilerden ‘Gedik’e güvenoyu - Doğrusöz Gazetesi,0.9999999999999999
Sebzecilerden ‘Gedik’e güvenoyu - Doğrusöz Gazetesi,Sebzecilerden ‘Gedik’e güvenoyu - Doğrusöz Gazetesi,0.9999999999999999
Sebzecilerden ‘Gedik’e güvenoyu - Doğrusöz Gazetesi,Sebzecilerden ‘Gedik’e güvenoyu - Doğrusöz Gazetesi,0.0
Sebzecilerden ‘Gedik’e güvenoyu - Doğrusöz Gazetesi,Sebzeciler Odası’nda ‘Gedik’ güven tazeledi,0.18257418583505539
Sebzecilerden ‘Gedik’e güvenoyu - Doğrusöz Gazetesi,Sebzeciler Odası’nda ‘Gedik’ güven tazeledi,0.18257418583505539
Sebzecilerden ‘Gedik’e güvenoyu - Doğrusöz Gazetesi,Sebzeciler Odası’nda ‘Gedik’ güven tazeledi,0.18257418583505539
Sebzecilerden ‘Gedik’e güvenoyu - Doğrusöz Gazetesi,Sebzecilerden ‘Gedik’e güvenoyu - Doğrusöz Gazetesi,0.9999999999999999
Sebzecilerden ‘Gedik’e güvenoyu - Doğrusöz Gazetesi,Sebzecilerden ‘Gedik’e güvenoyu - Doğrusöz Gazetesi,0.9999999999999999
Sebzecilerden ‘Gedik’e güvenoyu - Doğrusöz Gazetesi,Sebzecilerden ‘Gedik’e güvenoyu - Doğrusöz Gazetesi,0.9999999999999999
Sebzecilerden ‘Gedik’e güvenoyu - Doğrusöz Gazetesi,"Yücel Gedik  güven tazeledi – Kastamonu Gazetesi – Kastamonu ve Bölge Haberleri, Kastamonuspor, Şehir Gündemi ve Son Dakika Haberleri",0.2051956704170308
Sebzecilerden ‘Gedik’e güvenoyu - Doğrusöz Gazetesi,"Yücel Gedik  güven tazeledi | Kastamonu Gazetesi - Kastamonu ve Bölge Haberleri, Kastamonuspor, Şehir Gündemi ve Son Dakika Haberleri",0.2051956704170308
Sebzecilerden ‘Gedik’e güvenoyu - Doğrusöz Gazetesi,"Yücel Gedik  güven tazeledi | Kastamonu Gazetesi - Kastamonu ve Bölge Haberleri, Kastamonuspor, Şehir Gündemi ve Son Dakika Haberleri",0.2051956704170308
Sebzecilerden ‘Gedik’e güvenoyu - Doğrusöz Gazetesi,"Yücel Gedik  güven tazeledi | Kastamonu Gazetesi - Kastamonu ve Bölge Haberleri, Kastamonuspor, Şehir Gündemi ve Son Dakika Haberleri",0.2051956704170308
Sebzecilerden ‘Gedik’e güvenoyu - Doğrusöz Gazetesi,Keskin´de Gelecek Partisi Gedikali´ye emanet,0.0
Sebzecilerden ‘Gedik’e güvenoyu - Doğrusöz Gazetesi,Sebzecilerden ‘Gedik’e güvenoyu - Doğrusöz Gazetesi,0.9999999999999999
Sebzecilerden ‘Gedik’e güvenoyu - Doğrusöz Gazetesi,"Yücel Gedik  güven tazeledi | Kastamonu Gazetesi - Kastamonu ve Bölge Haberleri, Kastamonuspor, Şehir Gündemi ve Son Dakika Haberleri",0.2051956704170308
Sebzecilerden ‘Gedik’e güvenoyu - Doğrusöz Gazetesi,"Yücel Gedik  güven tazeledi | Kastamonu Gazetesi - Kastamonu ve Bölge Haberleri, Kastamonuspor, Şehir Gündemi ve Son Dakika Haberleri",0.2051956704170308
Sebzecilerden ‘Gedik’e güvenoyu - Doğrusöz Gazetesi,"Yücel Gedik  güven tazeledi | Kastamonu Gazetesi - Kastamonu ve Bölge Haberleri, Kastamonuspor, Şehir Gündemi ve Son Dakika Haberleri",0.2051956704170308
Sebzeciler Odası’nda ‘Gedik’ güven tazeledi,Sebzeciler Odası’nda ‘Gedik’ güven tazeledi,1.0000000000000002
Sebzeciler Odası’nda ‘Gedik’ güven tazeledi,Sebzeciler Odası’nda ‘Gedik’ güven tazeledi,1.0000000000000002
Sebzeciler Odası’nda ‘Gedik’ güven tazeledi,Sebzeciler Odası’nda ‘Gedik’ güven tazeledi,1.0000000000000002
Sebzeciler Odası’nda ‘Gedik’ güven tazeledi,Sebzeciler Odası’nda ‘Gedik’ güven tazeledi,1.0000000000000002
Sebzeciler Odası’nda ‘Gedik’ güven tazeledi,Sebzecilerden ‘Gedik’e güvenoyu - Doğrusöz Gazetesi,0.18257418583505539
Sebzeciler Odası’nda ‘Gedik’ güven tazeledi,Sebzecilerden ‘Gedik’e güvenoyu - Doğrusöz Gazetesi,0.18257418583505539
Sebzeciler Odası’nda ‘Gedik’ güven tazeledi,Sebzecilerden ‘Gedik’e güvenoyu - Doğrusöz Gazetesi,0.18257418583505539
Sebzeciler Odası’nda ‘Gedik’ güven tazeledi,Sebzeciler Odası’nda ‘Gedik’ güven tazeledi,0.0
Sebzeciler Odası’nda ‘Gedik’ güven tazeledi,Sebzeciler Odası’nda ‘Gedik’ güven tazeledi,1.0000000000000002
Sebzeciler Odası’nda ‘Gedik’ güven tazeledi,Sebzeciler Odası’nda ‘Gedik’ güven tazeledi,1.0000000000000002
Sebzeciler Odası’nda ‘Gedik’ güven tazeledi,Sebzecilerden ‘Gedik’e güvenoyu - Doğrusöz Gazetesi,0.18257418583505539
Sebzeciler Odası’nda ‘Gedik’ güven tazeledi,Sebzecilerden ‘Gedik’e güvenoyu - Doğrusöz Gazetesi,0.18257418583505539
Sebzeciler Odası’nda ‘Gedik’ güven tazeledi,Sebzecilerden ‘Gedik’e güvenoyu - Doğrusöz Gazetesi,0.18257418583505539
Sebzeciler Odası’nda ‘Gedik’ güven tazeledi,"Yücel Gedik  güven tazeledi – Kastamonu Gazetesi – Kastamonu ve Bölge Haberleri, Kastamonuspor, Şehir Gündemi ve Son Dakika Haberleri",0.2809757434745082
Sebzeciler Odası’nda ‘Gedik’ güven tazeledi,"Yücel Gedik  güven tazeledi | Kastamonu Gazetesi - Kastamonu ve Bölge Haberleri, Kastamonuspor, Şehir Gündemi ve Son Dakika Haberleri",0.2809757434745082
Sebzeciler Odası’nda ‘Gedik’ güven tazeledi,"Yücel Gedik  güven tazeledi | Kastamonu Gazetesi - Kastamonu ve Bölge Haberleri, Kastamonuspor, Şehir Gündemi ve Son Dakika Haberleri",0.2809757434745082
Sebzeciler Odası’nda ‘Gedik’ güven tazeledi,"Yücel Gedik  güven tazeledi | Kastamonu Gazetesi - Kastamonu ve Bölge Haberleri, Kastamonuspor, Şehir Gündemi ve Son Dakika Haberleri",0.2809757434745082
Sebzeciler Odası’nda ‘Gedik’ güven tazeledi,Keskin´de Gelecek Partisi Gedikali´ye emanet,0.0
Sebzeciler Odası’nda ‘Gedik’ güven tazeledi,Sebzecilerden ‘Gedik’e güvenoyu - Doğrusöz Gazetesi,0.18257418583505539
Sebzeciler Odası’nda ‘Gedik’ güven tazeledi,"Yücel Gedik  güven tazeledi | Kastamonu Gazetesi - Kastamonu ve Bölge Haberleri, Kastamonuspor, Şehir Gündemi ve Son Dakika Haberleri",0.2809757434745082
Sebzeciler Odası’nda ‘Gedik’ güven tazeledi,"Yücel Gedik  güven tazeledi | Kastamonu Gazetesi - Kastamonu ve Bölge Haberleri, Kastamonuspor, Şehir Gündemi ve Son Dakika Haberleri",0.2809757434745082
Sebzeciler Odası’nda ‘Gedik’ güven tazeledi,"Yücel Gedik  güven tazeledi | Kastamonu Gazetesi - Kastamonu ve Bölge Haberleri, Kastamonuspor, Şehir Gündemi ve Son Dakika Haberleri",0.2809757434745082
Sebzeciler Odası’nda ‘Gedik’ güven tazeledi,Sebzeciler Odası’nda ‘Gedik’ güven tazeledi,1.0000000000000002
Sebzeciler Odası’nda ‘Gedik’ güven tazeledi,Sebzeciler Odası’nda ‘Gedik’ güven tazeledi,1.0000000000000002
Sebzeciler Odası’nda ‘Gedik’ güven tazeledi,Sebzeciler Odası’nda ‘Gedik’ güven tazeledi,1.0000000000000002
Sebzeciler Odası’nda ‘Gedik’ güven tazeledi,Sebzeciler Odası’nda ‘Gedik’ güven tazeledi,1.0000000000000002
Sebzeciler Odası’nda ‘Gedik’ güven tazeledi,Sebzecilerden ‘Gedik’e güvenoyu - Doğrusöz Gazetesi,0.18257418583505539
Sebzeciler Odası’nda ‘Gedik’ güven tazeledi,Sebzecilerden ‘Gedik’e güvenoyu - Doğrusöz Gazetesi,0.18257418583505539
Sebzeciler Odası’nda ‘Gedik’ güven tazeledi,Sebzecilerden ‘Gedik’e güvenoyu - Doğrusöz Gazetesi,0.18257418583505539
Sebzeciler Odası’nda ‘Gedik’ güven tazeledi,Sebzeciler Odası’nda ‘Gedik’ güven tazeledi,1.0000000000000002
Sebzeciler Odası’nda ‘Gedik’ güven tazeledi,Sebzeciler Odası’nda ‘Gedik’ güven tazeledi,0.0
Sebzeciler Odası’nda ‘Gedik’ güven tazeledi,Sebzeciler Odası’nda ‘Gedik’ güven tazeledi,1.0000000000000002
Sebzeciler Odası’nda ‘Gedik’ güven tazeledi,Sebzecilerden ‘Gedik’e güvenoyu - Doğrusöz Gazetesi,0.18257418583505539
Sebzeciler Odası’nda ‘Gedik’ güven tazeledi,Sebzecilerden ‘Gedik’e güvenoyu - Doğrusöz Gazetesi,0.18257418583505539
Sebzeciler Odası’nda ‘Gedik’ güven tazeledi,Sebzecilerden ‘Gedik’e güvenoyu - Doğrusöz Gazetesi,0.18257418583505539
Sebzeciler Odası’nda ‘Gedik’ güven tazeledi,"Yücel Gedik  güven tazeledi – Kastamonu Gazetesi – Kastamonu ve Bölge Haberleri, Kastamonuspor, Şehir Gündemi ve Son Dakika Haberleri",0.2809757434745082
Sebzeciler Odası’nda ‘Gedik’ güven tazeledi,"Yücel Gedik  güven tazeledi | Kastamonu Gazetesi - Kastamonu ve Bölge Haberleri, Kastamonuspor, Şehir Gündemi ve Son Dakika Haberleri",0.2809757434745082
Sebzeciler Odası’nda ‘Gedik’ güven tazeledi,"Yücel Gedik  güven tazeledi | Kastamonu Gazetesi - Kastamonu ve Bölge Haberleri, Kastamonuspor, Şehir Gündemi ve Son Dakika Haberleri",0.2809757434745082
Sebzeciler Odası’nda ‘Gedik’ güven tazeledi,"Yücel Gedik  güven tazeledi | Kastamonu Gazetesi - Kastamonu ve Bölge Haberleri, Kastamonuspor, Şehir Gündemi ve Son Dakika Haberleri",0.2809757434745082
Sebzeciler Odası’nda ‘Gedik’ güven tazeledi,Keskin´de Gelecek Partisi Gedikali´ye emanet,0.0
Sebzeciler Odası’nda ‘Gedik’ güven tazeledi,Sebzecilerden ‘Gedik’e güvenoyu - Doğrusöz Gazetesi,0.18257418583505539
Sebzeciler Odası’nda ‘Gedik’ güven tazeledi,"Yücel Gedik  güven tazeledi | Kastamonu Gazetesi - Kastamonu ve Bölge Haberleri, Kastamonuspor, Şehir Gündemi ve Son Dakika Haberleri",0.2809757434745082
Sebzeciler Odası’nda ‘Gedik’ güven tazeledi,"Yücel Gedik  güven tazeledi | Kastamonu Gazetesi - Kastamonu ve Bölge Haberleri, Kastamonuspor, Şehir Gündemi ve Son Dakika Haberleri",0.2809757434745082
Sebzeciler Odası’nda ‘Gedik’ güven tazeledi,"Yücel Gedik  güven tazeledi | Kastamonu Gazetesi - Kastamonu ve Bölge Haberleri, Kastamonuspor, Şehir Gündemi ve Son Dakika Haberleri",0.2809757434745082
Sebzeciler Odası’nda ‘Gedik’ güven tazeledi,Sebzeciler Odası’nda ‘Gedik’ güven tazeledi,1.0000000000000002
Sebzeciler Odası’nda ‘Gedik’ güven tazeledi,Sebzeciler Odası’nda ‘Gedik’ güven tazeledi,1.0000000000000002
Sebzeciler Odası’nda ‘Gedik’ güven tazeledi,Sebzeciler Odası’nda ‘Gedik’ güven tazeledi,1.0000000000000002
Sebzeciler Odası’nda ‘Gedik’ güven tazeledi,Sebzeciler Odası’nda ‘Gedik’ güven tazeledi,1.0000000000000002
Sebzeciler Odası’nda ‘Gedik’ güven tazeledi,Sebzecilerden ‘Gedik’e güvenoyu - Doğrusöz Gazetesi,0.18257418583505539
Sebzeciler Odası’nda ‘Gedik’ güven tazeledi,Sebzecilerden ‘Gedik’e güvenoyu - Doğrusöz Gazetesi,0.18257418583505539
Sebzeciler Odası’nda ‘Gedik’ güven tazeledi,Sebzecilerden ‘Gedik’e güvenoyu - Doğrusöz Gazetesi,0.18257418583505539
Sebzeciler Odası’nda ‘Gedik’ güven tazeledi,Sebzeciler Odası’nda ‘Gedik’ güven tazeledi,1.0000000000000002
Sebzeciler Odası’nda ‘Gedik’ güven tazeledi,Sebzeciler Odası’nda ‘Gedik’ güven tazeledi,1.0000000000000002
Sebzeciler Odası’nda ‘Gedik’ güven tazeledi,Sebzeciler Odası’nda ‘Gedik’ güven tazeledi,0.0
Sebzeciler Odası’nda ‘Gedik’ güven tazeledi,Sebzecilerden ‘Gedik’e güvenoyu - Doğrusöz Gazetesi,0.18257418583505539
Sebzeciler Odası’nda ‘Gedik’ güven tazeledi,Sebzecilerden ‘Gedik’e güvenoyu - Doğrusöz Gazetesi,0.18257418583505539
Sebzeciler Odası’nda ‘Gedik’ güven tazeledi,Sebzecilerden ‘Gedik’e güvenoyu - Doğrusöz Gazetesi,0.18257418583505539
Sebzeciler Odası’nda ‘Gedik’ güven tazeledi,"Yücel Gedik  güven tazeledi – Kastamonu Gazetesi – Kastamonu ve Bölge Haberleri, Kastamonuspor, Şehir Gündemi ve Son Dakika Haberleri",0.2809757434745082
Sebzeciler Odası’nda ‘Gedik’ güven tazeledi,"Yücel Gedik  güven tazeledi | Kastamonu Gazetesi - Kastamonu ve Bölge Haberleri, Kastamonuspor, Şehir Gündemi ve Son Dakika Haberleri",0.2809757434745082
Sebzeciler Odası’nda ‘Gedik’ güven tazeledi,"Yücel Gedik  güven tazeledi | Kastamonu Gazetesi - Kastamonu ve Bölge Haberleri, Kastamonuspor, Şehir Gündemi ve Son Dakika Haberleri",0.2809757434745082
Sebzeciler Odası’nda ‘Gedik’ güven tazeledi,"Yücel Gedik  güven tazeledi | Kastamonu Gazetesi - Kastamonu ve Bölge Haberleri, Kastamonuspor, Şehir Gündemi ve Son Dakika Haberleri",0.2809757434745082
Sebzeciler Odası’nda ‘Gedik’ güven tazeledi,Keskin´de Gelecek Partisi Gedikali´ye emanet,0.0
Sebzeciler Odası’nda ‘Gedik’ güven tazeledi,Sebzecilerden ‘Gedik’e güvenoyu - Doğrusöz Gazetesi,0.18257418583505539
Sebzeciler Odası’nda ‘Gedik’ güven tazeledi,"Yücel Gedik  güven tazeledi | Kastamonu Gazetesi - Kastamonu ve Bölge Haberleri, Kastamonuspor, Şehir Gündemi ve Son Dakika Haberleri",0.2809757434745082
Sebzeciler Odası’nda ‘Gedik’ güven tazeledi,"Yücel Gedik  güven tazeledi | Kastamonu Gazetesi - Kastamonu ve Bölge Haberleri, Kastamonuspor, Şehir Gündemi ve Son Dakika Haberleri",0.2809757434745082
Sebzeciler Odası’nda ‘Gedik’ güven tazeledi,"Yücel Gedik  güven tazeledi | Kastamonu Gazetesi - Kastamonu ve Bölge Haberleri, Kastamonuspor, Şehir Gündemi ve Son Dakika Haberleri",0.2809757434745082
Sebzecilerden ‘Gedik’e güvenoyu - Doğrusöz Gazetesi,Sebzeciler Odası’nda ‘Gedik’ güven tazeledi,0.18257418583505539
Sebzecilerden ‘Gedik’e güvenoyu - Doğrusöz Gazetesi,Sebzeciler Odası’nda ‘Gedik’ güven tazeledi,0.18257418583505539
Sebzecilerden ‘Gedik’e güvenoyu - Doğrusöz Gazetesi,Sebzeciler Odası’nda ‘Gedik’ güven tazeledi,0.18257418583505539
Sebzecilerden ‘Gedik’e güvenoyu - Doğrusöz Gazetesi,Sebzeciler Odası’nda ‘Gedik’ güven tazeledi,0.18257418583505539
Sebzecilerden ‘Gedik’e güvenoyu - Doğrusöz Gazetesi,Sebzecilerden ‘Gedik’e güvenoyu - Doğrusöz Gazetesi,0.9999999999999999
Sebzecilerden ‘Gedik’e güvenoyu - Doğrusöz Gazetesi,Sebzecilerden ‘Gedik’e güvenoyu - Doğrusöz Gazetesi,0.9999999999999999
Sebzecilerden ‘Gedik’e güvenoyu - Doğrusöz Gazetesi,Sebzecilerden ‘Gedik’e güvenoyu - Doğrusöz Gazetesi,0.9999999999999999
Sebzecilerden ‘Gedik’e güvenoyu - Doğrusöz Gazetesi,Sebzeciler Odası’nda ‘Gedik’ güven tazeledi,0.18257418583505539
Sebzecilerden ‘Gedik’e güvenoyu - Doğrusöz Gazetesi,Sebzeciler Odası’nda ‘Gedik’ güven tazeledi,0.18257418583505539
Sebzecilerden ‘Gedik’e güvenoyu - Doğrusöz Gazetesi,Sebzeciler Odası’nda ‘Gedik’ güven tazeledi,0.18257418583505539
Sebzecilerden ‘Gedik’e güvenoyu - Doğrusöz Gazetesi,Sebzecilerden ‘Gedik’e güvenoyu - Doğrusöz Gazetesi,0.0
Sebzecilerden ‘Gedik’e güvenoyu - Doğrusöz Gazetesi,Sebzecilerden ‘Gedik’e güvenoyu - Doğrusöz Gazetesi,0.9999999999999999
Sebzecilerden ‘Gedik’e güvenoyu - Doğrusöz Gazetesi,Sebzecilerden ‘Gedik’e güvenoyu - Doğrusöz Gazetesi,0.9999999999999999
Sebzecilerden ‘Gedik’e güvenoyu - Doğrusöz Gazetesi,"Yücel Gedik  güven tazeledi – Kastamonu Gazetesi – Kastamonu ve Bölge Haberleri, Kastamonuspor, Şehir Gündemi ve Son Dakika Haberleri",0.2051956704170308
Sebzecilerden ‘Gedik’e güvenoyu - Doğrusöz Gazetesi,"Yücel Gedik  güven tazeledi | Kastamonu Gazetesi - Kastamonu ve Bölge Haberleri, Kastamonuspor, Şehir Gündemi ve Son Dakika Haberleri",0.2051956704170308
Sebzecilerden ‘Gedik’e güvenoyu - Doğrusöz Gazetesi,"Yücel Gedik  güven tazeledi | Kastamonu Gazetesi - Kastamonu ve Bölge Haberleri, Kastamonuspor, Şehir Gündemi ve Son Dakika Haberleri",0.2051956704170308
Sebzecilerden ‘Gedik’e güvenoyu - Doğrusöz Gazetesi,"Yücel Gedik  güven tazeledi | Kastamonu Gazetesi - Kastamonu ve Bölge Haberleri, Kastamonuspor, Şehir Gündemi ve Son Dakika Haberleri",0.2051956704170308
Sebzecilerden ‘Gedik’e güvenoyu - Doğrusöz Gazetesi,Keskin´de Gelecek Partisi Gedikali´ye emanet,0.0
Sebzecilerden ‘Gedik’e güvenoyu - Doğrusöz Gazetesi,Sebzecilerden ‘Gedik’e güvenoyu - Doğrusöz Gazetesi,0.9999999999999999
Sebzecilerden ‘Gedik’e güvenoyu - Doğrusöz Gazetesi,"Yücel Gedik  güven tazeledi | Kastamonu Gazetesi - Kastamonu ve Bölge Haberleri, Kastamonuspor, Şehir Gündemi ve Son Dakika Haberleri",0.2051956704170308
Sebzecilerden ‘Gedik’e güvenoyu - Doğrusöz Gazetesi,"Yücel Gedik  güven tazeledi | Kastamonu Gazetesi - Kastamonu ve Bölge Haberleri, Kastamonuspor, Şehir Gündemi ve Son Dakika Haberleri",0.2051956704170308
Sebzecilerden ‘Gedik’e güvenoyu - Doğrusöz Gazetesi,"Yücel Gedik  güven tazeledi | Kastamonu Gazetesi - Kastamonu ve Bölge Haberleri, Kastamonuspor, Şehir Gündemi ve Son Dakika Haberleri",0.2051956704170308
Sebzecilerden ‘Gedik’e güvenoyu - Doğrusöz Gazetesi,Sebzeciler Odası’nda ‘Gedik’ güven tazeledi,0.18257418583505539
Sebzecilerden ‘Gedik’e güvenoyu - Doğrusöz Gazetesi,Sebzeciler Odası’nda ‘Gedik’ güven tazeledi,0.18257418583505539
Sebzecilerden ‘Gedik’e güvenoyu - Doğrusöz Gazetesi,Sebzeciler Odası’nda ‘Gedik’ güven tazeledi,0.18257418583505539
Sebzecilerden ‘Gedik’e güvenoyu - Doğrusöz Gazetesi,Sebzeciler Odası’nda ‘Gedik’ güven tazeledi,0.18257418583505539
Sebzecilerden ‘Gedik’e güvenoyu - Doğrusöz Gazetesi,Sebzecilerden ‘Gedik’e güvenoyu - Doğrusöz Gazetesi,0.9999999999999999
Sebzecilerden ‘Gedik’e güvenoyu - Doğrusöz Gazetesi,Sebzecilerden ‘Gedik’e güvenoyu - Doğrusöz Gazetesi,0.9999999999999999
Sebzecilerden ‘Gedik’e güvenoyu - Doğrusöz Gazetesi,Sebzecilerden ‘Gedik’e güvenoyu - Doğrusöz Gazetesi,0.9999999999999999
Sebzecilerden ‘Gedik’e güvenoyu - Doğrusöz Gazetesi,Sebzeciler Odası’nda ‘Gedik’ güven tazeledi,0.18257418583505539
Sebzecilerden ‘Gedik’e güvenoyu - Doğrusöz Gazetesi,Sebzeciler Odası’nda ‘Gedik’ güven tazeledi,0.18257418583505539
Sebzecilerden ‘Gedik’e güvenoyu - Doğrusöz Gazetesi,Sebzeciler Odası’nda ‘Gedik’ güven tazeledi,0.18257418583505539
Sebzecilerden ‘Gedik’e güvenoyu - Doğrusöz Gazetesi,Sebzecilerden ‘Gedik’e güvenoyu - Doğrusöz Gazetesi,0.9999999999999999
Sebzecilerden ‘Gedik’e güvenoyu - Doğrusöz Gazetesi,Sebzecilerden ‘Gedik’e güvenoyu - Doğrusöz Gazetesi,0.0
Sebzecilerden ‘Gedik’e güvenoyu - Doğrusöz Gazetesi,Sebzecilerden ‘Gedik’e güvenoyu - Doğrusöz Gazetesi,0.9999999999999999
Sebzecilerden ‘Gedik’e güvenoyu - Doğrusöz Gazetesi,"Yücel Gedik  güven tazeledi – Kastamonu Gazetesi – Kastamonu ve Bölge Haberleri, Kastamonuspor, Şehir Gündemi ve Son Dakika Haberleri",0.2051956704170308
Sebzecilerden ‘Gedik’e güvenoyu - Doğrusöz Gazetesi,"Yücel Gedik  güven tazeledi | Kastamonu Gazetesi - Kastamonu ve Bölge Haberleri, Kastamonuspor, Şehir Gündemi ve Son Dakika Haberleri",0.2051956704170308
Sebzecilerden ‘Gedik’e güvenoyu - Doğrusöz Gazetesi,"Yücel Gedik  güven tazeledi | Kastamonu Gazetesi - Kastamonu ve Bölge Haberleri, Kastamonuspor, Şehir Gündemi ve Son Dakika Haberleri",0.2051956704170308
Sebzecilerden ‘Gedik’e güvenoyu - Doğrusöz Gazetesi,"Yücel Gedik  güven tazeledi | Kastamonu Gazetesi - Kastamonu ve Bölge Haberleri, Kastamonuspor, Şehir Gündemi ve Son Dakika Haberleri",0.2051956704170308
Sebzecilerden ‘Gedik’e güvenoyu - Doğrusöz Gazetesi,Keskin´de Gelecek Partisi Gedikali´ye emanet,0.0
Sebzecilerden ‘Gedik’e güvenoyu - Doğrusöz Gazetesi,Sebzecilerden ‘Gedik’e güvenoyu - Doğrusöz Gazetesi,0.9999999999999999
Sebzecilerden ‘Gedik’e güvenoyu - Doğrusöz Gazetesi,"Yücel Gedik  güven tazeledi | Kastamonu Gazetesi - Kastamonu ve Bölge Haberleri, Kastamonuspor, Şehir Gündemi ve Son Dakika Haberleri",0.2051956704170308
Sebzecilerden ‘Gedik’e güvenoyu - Doğrusöz Gazetesi,"Yücel Gedik  güven tazeledi | Kastamonu Gazetesi - Kastamonu ve Bölge Haberleri, Kastamonuspor, Şehir Gündemi ve Son Dakika Haberleri",0.2051956704170308
Sebzecilerden ‘Gedik’e güvenoyu - Doğrusöz Gazetesi,"Yücel Gedik  güven tazeledi | Kastamonu Gazetesi - Kastamonu ve Bölge Haberleri, Kastamonuspor, Şehir Gündemi ve Son Dakika Haberleri",0.2051956704170308
Sebzecilerden ‘Gedik’e güvenoyu - Doğrusöz Gazetesi,Sebzeciler Odası’nda ‘Gedik’ güven tazeledi,0.18257418583505539
Sebzecilerden ‘Gedik’e güvenoyu - Doğrusöz Gazetesi,Sebzeciler Odası’nda ‘Gedik’ güven tazeledi,0.18257418583505539
Sebzecilerden ‘Gedik’e güvenoyu - Doğrusöz Gazetesi,Sebzeciler Odası’nda ‘Gedik’ güven tazeledi,0.18257418583505539
Sebzecilerden ‘Gedik’e güvenoyu - Doğrusöz Gazetesi,Sebzeciler Odası’nda ‘Gedik’ güven tazeledi,0.18257418583505539
Sebzecilerden ‘Gedik’e güvenoyu - Doğrusöz Gazetesi,Sebzecilerden ‘Gedik’e güvenoyu - Doğrusöz Gazetesi,0.9999999999999999
Sebzecilerden ‘Gedik’e güvenoyu - Doğrusöz Gazetesi,Sebzecilerden ‘Gedik’e güvenoyu - Doğrusöz Gazetesi,0.9999999999999999
Sebzecilerden ‘Gedik’e güvenoyu - Doğrusöz Gazetesi,Sebzecilerden ‘Gedik’e güvenoyu - Doğrusöz Gazetesi,0.9999999999999999
Sebzecilerden ‘Gedik’e güvenoyu - Doğrusöz Gazetesi,Sebzeciler Odası’nda ‘Gedik’ güven tazeledi,0.18257418583505539
Sebzecilerden ‘Gedik’e güvenoyu - Doğrusöz Gazetesi,Sebzeciler Odası’nda ‘Gedik’ güven tazeledi,0.18257418583505539
Sebzecilerden ‘Gedik’e güvenoyu - Doğrusöz Gazetesi,Sebzeciler Odası’nda ‘Gedik’ güven tazeledi,0.18257418583505539
Sebzecilerden ‘Gedik’e güvenoyu - Doğrusöz Gazetesi,Sebzecilerden ‘Gedik’e güvenoyu - Doğrusöz Gazetesi,0.9999999999999999
Sebzecilerden ‘Gedik’e güvenoyu - Doğrusöz Gazetesi,Sebzecilerden ‘Gedik’e güvenoyu - Doğrusöz Gazetesi,0.9999999999999999
Sebzecilerden ‘Gedik’e güvenoyu - Doğrusöz Gazetesi,Sebzecilerden ‘Gedik’e güvenoyu - Doğrusöz Gazetesi,0.0
Sebzecilerden ‘Gedik’e güvenoyu - Doğrusöz Gazetesi,"Yücel Gedik  güven tazeledi – Kastamonu Gazetesi – Kastamonu ve Bölge Haberleri, Kastamonuspor, Şehir Gündemi ve Son Dakika Haberleri",0.2051956704170308
Sebzecilerden ‘Gedik’e güvenoyu - Doğrusöz Gazetesi,"Yücel Gedik  güven tazeledi | Kastamonu Gazetesi - Kastamonu ve Bölge Haberleri, Kastamonuspor, Şehir Gündemi ve Son Dakika Haberleri",0.2051956704170308
Sebzecilerden ‘Gedik’e güvenoyu - Doğrusöz Gazetesi,"Yücel Gedik  güven tazeledi | Kastamonu Gazetesi - Kastamonu ve Bölge Haberleri, Kastamonuspor, Şehir Gündemi ve Son Dakika Haberleri",0.2051956704170308
Sebzecilerden ‘Gedik’e güvenoyu - Doğrusöz Gazetesi,"Yücel Gedik  güven tazeledi | Kastamonu Gazetesi - Kastamonu ve Bölge Haberleri, Kastamonuspor, Şehir Gündemi ve Son Dakika Haberleri",0.2051956704170308
Sebzecilerden ‘Gedik’e güvenoyu - Doğrusöz Gazetesi,Keskin´de Gelecek Partisi Gedikali´ye emanet,0.0
Sebzecilerden ‘Gedik’e güvenoyu - Doğrusöz Gazetesi,Sebzecilerden ‘Gedik’e güvenoyu - Doğrusöz Gazetesi,0.9999999999999999
Sebzecilerden ‘Gedik’e güvenoyu - Doğrusöz Gazetesi,"Yücel Gedik  güven tazeledi | Kastamonu Gazetesi - Kastamonu ve Bölge Haberleri, Kastamonuspor, Şehir Gündemi ve Son Dakika Haberleri",0.2051956704170308
Sebzecilerden ‘Gedik’e güvenoyu - Doğrusöz Gazetesi,"Yücel Gedik  güven tazeledi | Kastamonu Gazetesi - Kastamonu ve Bölge Haberleri, Kastamonuspor, Şehir Gündemi ve Son Dakika Haberleri",0.2051956704170308
Sebzecilerden ‘Gedik’e güvenoyu - Doğrusöz Gazetesi,"Yücel Gedik  güven tazeledi | Kastamonu Gazetesi - Kastamonu ve Bölge Haberleri, Kastamonuspor, Şehir Gündemi ve Son Dakika Haberleri",0.2051956704170308
"Yücel Gedik  güven tazeledi – Kastamonu Gazetesi – Kastamonu ve Bölge Haberleri, Kastamonuspor, Şehir Gündemi ve Son Dakika Haberleri",Sebzeciler Odası’nda ‘Gedik’ güven tazeledi,0.2809757434745082
"Yücel Gedik  güven tazeledi – Kastamonu Gazetesi – Kastamonu ve Bölge Haberleri, Kastamonuspor, Şehir Gündemi ve Son Dakika Haberleri",Sebzeciler Odası’nda ‘Gedik’ güven tazeledi,0.2809757434745082
"Yücel Gedik  güven tazeledi – Kastamonu Gazetesi – Kastamonu ve Bölge Haberleri, Kastamonuspor, Şehir Gündemi ve Son Dakika Haberleri",Sebzeciler Odası’nda ‘Gedik’ güven tazeledi,0.2809757434745082
"Yücel Gedik  güven tazeledi – Kastamonu Gazetesi – Kastamonu ve Bölge Haberleri, Kastamonuspor, Şehir Gündemi ve Son Dakika Haberleri",Sebzeciler Odası’nda ‘Gedik’ güven tazeledi,0.2809757434745082
"Yücel Gedik  güven tazeledi – Kastamonu Gazetesi – Kastamonu ve Bölge Haberleri, Kastamonuspor, Şehir Gündemi ve Son Dakika Haberleri",Sebzecilerden ‘Gedik’e güvenoyu - Doğrusöz Gazetesi,0.2051956704170308
"Yücel Gedik  güven tazeledi – Kastamonu Gazetesi – Kastamonu ve Bölge Haberleri, Kastamonuspor, Şehir Gündemi ve Son Dakika Haberleri",Sebzecilerden ‘Gedik’e güvenoyu - Doğrusöz Gazetesi,0.2051956704170308
"Yücel Gedik  güven tazeledi – Kastamonu Gazetesi – Kastamonu ve Bölge Haberleri, Kastamonuspor, Şehir Gündemi ve Son Dakika Haberleri",Sebzecilerden ‘Gedik’e güvenoyu - Doğrusöz Gazetesi,0.2051956704170308
"Yücel Gedik  güven tazeledi – Kastamonu Gazetesi – Kastamonu ve Bölge Haberleri, Kastamonuspor, Şehir Gündemi ve Son Dakika Haberleri",Sebzeciler Odası’nda ‘Gedik’ güven tazeledi,0.2809757434745082
"Yücel Gedik  güven tazeledi – Kastamonu Gazetesi – Kastamonu ve Bölge Haberleri, Kastamonuspor, Şehir Gündemi ve Son Dakika Haberleri",Sebzeciler Odası’nda ‘Gedik’ güven tazeledi,0.2809757434745082
"Yücel Gedik  güven tazeledi – Kastamonu Gazetesi – Kastamonu ve Bölge Haberleri, Kastamonuspor, Şehir Gündemi ve Son Dakika Haberleri",Sebzeciler Odası’nda ‘Gedik’ güven tazeledi,0.2809757434745082
"Yücel Gedik  güven tazeledi – Kastamonu Gazetesi – Kastamonu ve Bölge Haberleri, Kastamonuspor, Şehir Gündemi ve Son Dakika Haberleri",Sebzecilerden ‘Gedik’e güvenoyu - Doğrusöz Gazetesi,0.2051956704170308
"Yücel Gedik  güven tazeledi – Kastamonu Gazetesi – Kastamonu ve Bölge Haberleri, Kastamonuspor, Şehir Gündemi ve Son Dakika Haberleri",Sebzecilerden ‘Gedik’e güvenoyu - Doğrusöz Gazetesi,0.2051956704170308
"Yücel Gedik  güven tazeledi – Kastamonu Gazetesi – Kastamonu ve Bölge Haberleri, Kastamonuspor, Şehir Gündemi ve Son Dakika Haberleri",Sebzecilerden ‘Gedik’e güvenoyu - Doğrusöz Gazetesi,0.2051956704170308
"Yücel Gedik  güven tazeledi – Kastamonu Gazetesi – Kastamonu ve Bölge Haberleri, Kastamonuspor, Şehir Gündemi ve Son Dakika Haberleri","Yücel Gedik  güven tazeledi – Kastamonu Gazetesi – Kastamonu ve Bölge Haberleri, Kastamonuspor, Şehir Gündemi ve Son Dakika Haberleri",0.0
"Yücel Gedik  güven tazeledi – Kastamonu Gazetesi – Kastamonu ve Bölge Haberleri, Kastamonuspor, Şehir Gündemi ve Son Dakika Haberleri","Yücel Gedik  güven tazeledi | Kastamonu Gazetesi - Kastamonu ve Bölge Haberleri, Kastamonuspor, Şehir Gündemi ve Son Dakika Haberleri",0.9999999999999996
"Yücel Gedik  güven tazeledi – Kastamonu Gazetesi – Kastamonu ve Bölge Haberleri, Kastamonuspor, Şehir Gündemi ve Son Dakika Haberleri","Yücel Gedik  güven tazeledi | Kastamonu Gazetesi - Kastamonu ve Bölge Haberleri, Kastamonuspor, Şehir Gündemi ve Son Dakika Haberleri",0.9999999999999996
"Yücel Gedik  güven tazeledi – Kastamonu Gazetesi – Kastamonu ve Bölge Haberleri, Kastamonuspor, Şehir Gündemi ve Son Dakika Haberleri","Yücel Gedik  güven tazeledi | Kastamonu Gazetesi - Kastamonu ve Bölge Haberleri, Kastamonuspor, Şehir Gündemi ve Son Dakika Haberleri",0.9999999999999996
"Yücel Gedik  güven tazeledi – Kastamonu Gazetesi – Kastamonu ve Bölge Haberleri, Kastamonuspor, Şehir Gündemi ve Son Dakika Haberleri",Keskin´de Gelecek Partisi Gedikali´ye emanet,0.0
"Yücel Gedik  güven tazeledi – Kastamonu Gazetesi – Kastamonu ve Bölge Haberleri, Kastamonuspor, Şehir Gündemi ve Son Dakika Haberleri",Sebzecilerden ‘Gedik’e güvenoyu - Doğrusöz Gazetesi,0.2051956704170308
"Yücel Gedik  güven tazeledi – Kastamonu Gazetesi – Kastamonu ve Bölge Haberleri, Kastamonuspor, Şehir Gündemi ve Son Dakika Haberleri","Yücel Gedik  güven tazeledi | Kastamonu Gazetesi - Kastamonu ve Bölge Haberleri, Kastamonuspor, Şehir Gündemi ve Son Dakika Haberleri",0.9999999999999996
"Yücel Gedik  güven tazeledi – Kastamonu Gazetesi – Kastamonu ve Bölge Haberleri, Kastamonuspor, Şehir Gündemi ve Son Dakika Haberleri","Yücel Gedik  güven tazeledi | Kastamonu Gazetesi - Kastamonu ve Bölge Haberleri, Kastamonuspor, Şehir Gündemi ve Son Dakika Haberleri",0.9999999999999996
"Yücel Gedik  güven tazeledi – Kastamonu Gazetesi – Kastamonu ve Bölge Haberleri, Kastamonuspor, Şehir Gündemi ve Son Dakika Haberleri","Yücel Gedik  güven tazeledi | Kastamonu Gazetesi - Kastamonu ve Bölge Haberleri, Kastamonuspor, Şehir Gündemi ve Son Dakika Haberleri",0.9999999999999996
"Yücel Gedik  güven tazeledi | Kastamonu Gazetesi - Kastamonu ve Bölge Haberleri, Kastamonuspor, Şehir Gündemi ve Son Dakika Haberleri",Sebzeciler Odası’nda ‘Gedik’ güven tazeledi,0.2809757434745082
"Yücel Gedik  güven tazeledi | Kastamonu Gazetesi - Kastamonu ve Bölge Haberleri, Kastamonuspor, Şehir Gündemi ve Son Dakika Haberleri",Sebzeciler Odası’nda ‘Gedik’ güven tazeledi,0.2809757434745082
"Yücel Gedik  güven tazeledi | Kastamonu Gazetesi - Kastamonu ve Bölge Haberleri, Kastamonuspor, Şehir Gündemi ve Son Dakika Haberleri",Sebzeciler Odası’nda ‘Gedik’ güven tazeledi,0.2809757434745082
"Yücel Gedik  güven tazeledi | Kastamonu Gazetesi - Kastamonu ve Bölge Haberleri, Kastamonuspor, Şehir Gündemi ve Son Dakika Haberleri",Sebzeciler Odası’nda ‘Gedik’ güven tazeledi,0.2809757434745082
"Yücel Gedik  güven tazeledi | Kastamonu Gazetesi - Kastamonu ve Bölge Haberleri, Kastamonuspor, Şehir Gündemi ve Son Dakika Haberleri",Sebzecilerden ‘Gedik’e güvenoyu - Doğrusöz Gazetesi,0.2051956704170308
"Yücel Gedik  güven tazeledi | Kastamonu Gazetesi - Kastamonu ve Bölge Haberleri, Kastamonuspor, Şehir Gündemi ve Son Dakika Haberleri",Sebzecilerden ‘Gedik’e güvenoyu - Doğrusöz Gazetesi,0.2051956704170308
"Yücel Gedik  güven tazeledi | Kastamonu Gazetesi - Kastamonu ve Bölge Haberleri, Kastamonuspor, Şehir Gündemi ve Son Dakika Haberleri",Sebzecilerden ‘Gedik’e güvenoyu - Doğrusöz Gazetesi,0.2051956704170308
"Yücel Gedik  güven tazeledi | Kastamonu Gazetesi - Kastamonu ve Bölge Haberleri, Kastamonuspor, Şehir Gündemi ve Son Dakika Haberleri",Sebzeciler Odası’nda ‘Gedik’ güven tazeledi,0.2809757434745082
"Yücel Gedik  güven tazeledi | Kastamonu Gazetesi - Kastamonu ve Bölge Haberleri, Kastamonuspor, Şehir Gündemi ve Son Dakika Haberleri",Sebzeciler Odası’nda ‘Gedik’ güven tazeledi,0.2809757434745082
"Yücel Gedik  güven tazeledi | Kastamonu Gazetesi - Kastamonu ve Bölge Haberleri, Kastamonuspor, Şehir Gündemi ve Son Dakika Haberleri",Sebzeciler Odası’nda ‘Gedik’ güven tazeledi,0.2809757434745082
"Yücel Gedik  güven tazeledi | Kastamonu Gazetesi - Kastamonu ve Bölge Haberleri, Kastamonuspor, Şehir Gündemi ve Son Dakika Haberleri",Sebzecilerden ‘Gedik’e güvenoyu - Doğrusöz Gazetesi,0.2051956704170308
"Yücel Gedik  güven tazeledi | Kastamonu Gazetesi - Kastamonu ve Bölge Haberleri, Kastamonuspor, Şehir Gündemi ve Son Dakika Haberleri",Sebzecilerden ‘Gedik’e güvenoyu - Doğrusöz Gazetesi,0.2051956704170308
"Yücel Gedik  güven tazeledi | Kastamonu Gazetesi - Kastamonu ve Bölge Haberleri, Kastamonuspor, Şehir Gündemi ve Son Dakika Haberleri",Sebzecilerden ‘Gedik’e güvenoyu - Doğrusöz Gazetesi,0.2051956704170308
"Yücel Gedik  güven tazeledi | Kastamonu Gazetesi - Kastamonu ve Bölge Haberleri, Kastamonuspor, Şehir Gündemi ve Son Dakika Haberleri","Yücel Gedik  güven tazeledi – Kastamonu Gazetesi – Kastamonu ve Bölge Haberleri, Kastamonuspor, Şehir Gündemi ve Son Dakika Haberleri",0.9999999999999996
"Yücel Gedik  güven tazeledi | Kastamonu Gazetesi - Kastamonu ve Bölge Haberleri, Kastamonuspor, Şehir Gündemi ve Son Dakika Haberleri","Yücel Gedik  güven tazeledi | Kastamonu Gazetesi - Kastamonu ve Bölge Haberleri, Kastamonuspor, Şehir Gündemi ve Son Dakika Haberleri",0.0
"Yücel Gedik  güven tazeledi | Kastamonu Gazetesi - Kastamonu ve Bölge Haberleri, Kastamonuspor, Şehir Gündemi ve Son Dakika Haberleri","Yücel Gedik  güven tazeledi | Kastamonu Gazetesi - Kastamonu ve Bölge Haberleri, Kastamonuspor, Şehir Gündemi ve Son Dakika Haberleri",0.9999999999999996
"Yücel Gedik  güven tazeledi | Kastamonu Gazetesi - Kastamonu ve Bölge Haberleri, Kastamonuspor, Şehir Gündemi ve Son Dakika Haberleri","Yücel Gedik  güven tazeledi | Kastamonu Gazetesi - Kastamonu ve Bölge Haberleri, Kastamonuspor, Şehir Gündemi ve Son Dakika Haberleri",0.9999999999999996
"Yücel Gedik  güven tazeledi | Kastamonu Gazetesi - Kastamonu ve Bölge Haberleri, Kastamonuspor, Şehir Gündemi ve Son Dakika Haberleri",Keskin´de Gelecek Partisi Gedikali´ye emanet,0.0
"Yücel Gedik  güven tazeledi | Kastamonu Gazetesi - Kastamonu ve Bölge Haberleri, Kastamonuspor, Şehir Gündemi ve Son Dakika Haberleri",Sebzecilerden ‘Gedik’e güvenoyu - Doğrusöz Gazetesi,0.2051956704170308
"Yücel Gedik  güven tazeledi | Kastamonu Gazetesi - Kastamonu ve Bölge Haberleri, Kastamonuspor, Şehir Gündemi ve Son Dakika Haberleri","Yücel Gedik  güven tazeledi | Kastamonu Gazetesi - Kastamonu ve Bölge Haberleri, Kastamonuspor, Şehir Gündemi ve Son Dakika Haberleri",0.9999999999999996
"Yücel Gedik  güven tazeledi | Kastamonu Gazetesi - Kastamonu ve Bölge Haberleri, Kastamonuspor, Şehir Gündemi ve Son Dakika Haberleri","Yücel Gedik  güven tazeledi | Kastamonu Gazetesi - Kastamonu ve Bölge Haberleri, Kastamonuspor, Şehir Gündemi ve Son Dakika Haberleri",0.9999999999999996
"Yücel Gedik  güven tazeledi | Kastamonu Gazetesi - Kastamonu ve Bölge Haberleri, Kastamonuspor, Şehir Gündemi ve Son Dakika Haberleri","Yücel Gedik  güven tazeledi | Kastamonu Gazetesi - Kastamonu ve Bölge Haberleri, Kastamonuspor, Şehir Gündemi ve Son Dakika Haberleri",0.9999999999999996
"Yücel Gedik  güven tazeledi | Kastamonu Gazetesi - Kastamonu ve Bölge Haberleri, Kastamonuspor, Şehir Gündemi ve Son Dakika Haberleri",Sebzeciler Odası’nda ‘Gedik’ güven tazeledi,0.2809757434745082
"Yücel Gedik  güven tazeledi | Kastamonu Gazetesi - Kastamonu ve Bölge Haberleri, Kastamonuspor, Şehir Gündemi ve Son Dakika Haberleri",Sebzeciler Odası’nda ‘Gedik’ güven tazeledi,0.2809757434745082
"Yücel Gedik  güven tazeledi | Kastamonu Gazetesi - Kastamonu ve Bölge Haberleri, Kastamonuspor, Şehir Gündemi ve Son Dakika Haberleri",Sebzeciler Odası’nda ‘Gedik’ güven tazeledi,0.2809757434745082
"Yücel Gedik  güven tazeledi | Kastamonu Gazetesi - Kastamonu ve Bölge Haberleri, Kastamonuspor, Şehir Gündemi ve Son Dakika Haberleri",Sebzeciler Odası’nda ‘Gedik’ güven tazeledi,0.2809757434745082
"Yücel Gedik  güven tazeledi | Kastamonu Gazetesi - Kastamonu ve Bölge Haberleri, Kastamonuspor, Şehir Gündemi ve Son Dakika Haberleri",Sebzecilerden ‘Gedik’e güvenoyu - Doğrusöz Gazetesi,0.2051956704170308
"Yücel Gedik  güven tazeledi | Kastamonu Gazetesi - Kastamonu ve Bölge Haberleri, Kastamonuspor, Şehir Gündemi ve Son Dakika Haberleri",Sebzecilerden ‘Gedik’e güvenoyu - Doğrusöz Gazetesi,0.2051956704170308
"Yücel Gedik  güven tazeledi | Kastamonu Gazetesi - Kastamonu ve Bölge Haberleri, Kastamonuspor, Şehir Gündemi ve Son Dakika Haberleri",Sebzecilerden ‘Gedik’e güvenoyu - Doğrusöz Gazetesi,0.2051956704170308
"Yücel Gedik  güven tazeledi | Kastamonu Gazetesi - Kastamonu ve Bölge Haberleri, Kastamonuspor, Şehir Gündemi ve Son Dakika Haberleri",Sebzeciler Odası’nda ‘Gedik’ güven tazeledi,0.2809757434745082
"Yücel Gedik  güven tazeledi | Kastamonu Gazetesi - Kastamonu ve Bölge Haberleri, Kastamonuspor, Şehir Gündemi ve Son Dakika Haberleri",Sebzeciler Odası’nda ‘Gedik’ güven tazeledi,0.2809757434745082
"Yücel Gedik  güven tazeledi | Kastamonu Gazetesi - Kastamonu ve Bölge Haberleri, Kastamonuspor, Şehir Gündemi ve Son Dakika Haberleri",Sebzeciler Odası’nda ‘Gedik’ güven tazeledi,0.2809757434745082
"Yücel Gedik  güven tazeledi | Kastamonu Gazetesi - Kastamonu ve Bölge Haberleri, Kastamonuspor, Şehir Gündemi ve Son Dakika Haberleri",Sebzecilerden ‘Gedik’e güvenoyu - Doğrusöz Gazetesi,0.2051956704170308
"Yücel Gedik  güven tazeledi | Kastamonu Gazetesi - Kastamonu ve Bölge Haberleri, Kastamonuspor, Şehir Gündemi ve Son Dakika Haberleri",Sebzecilerden ‘Gedik’e güvenoyu - Doğrusöz Gazetesi,0.2051956704170308
"Yücel Gedik  güven tazeledi | Kastamonu Gazetesi - Kastamonu ve Bölge Haberleri, Kastamonuspor, Şehir Gündemi ve Son Dakika Haberleri",Sebzecilerden ‘Gedik’e güvenoyu - Doğrusöz Gazetesi,0.2051956704170308
"Yücel Gedik  güven tazeledi | Kastamonu Gazetesi - Kastamonu ve Bölge Haberleri, Kastamonuspor, Şehir Gündemi ve Son Dakika Haberleri","Yücel Gedik  güven tazeledi – Kastamonu Gazetesi – Kastamonu ve Bölge Haberleri, Kastamonuspor, Şehir Gündemi ve Son Dakika Haberleri",0.9999999999999996
"Yücel Gedik  güven tazeledi | Kastamonu Gazetesi - Kastamonu ve Bölge Haberleri, Kastamonuspor, Şehir Gündemi ve Son Dakika Haberleri","Yücel Gedik  güven tazeledi | Kastamonu Gazetesi - Kastamonu ve Bölge Haberleri, Kastamonuspor, Şehir Gündemi ve Son Dakika Haberleri",0.9999999999999996
"Yücel Gedik  güven tazeledi | Kastamonu Gazetesi - Kastamonu ve Bölge Haberleri, Kastamonuspor, Şehir Gündemi ve Son Dakika Haberleri","Yücel Gedik  güven tazeledi | Kastamonu Gazetesi - Kastamonu ve Bölge Haberleri, Kastamonuspor, Şehir Gündemi ve Son Dakika Haberleri",0.0
"Yücel Gedik  güven tazeledi | Kastamonu Gazetesi - Kastamonu ve Bölge Haberleri, Kastamonuspor, Şehir Gündemi ve Son Dakika Haberleri","Yücel Gedik  güven tazeledi | Kastamonu Gazetesi - Kastamonu ve Bölge Haberleri, Kastamonuspor, Şehir Gündemi ve Son Dakika Haberleri",0.9999999999999996
"Yücel Gedik  güven tazeledi | Kastamonu Gazetesi - Kastamonu ve Bölge Haberleri, Kastamonuspor, Şehir Gündemi ve Son Dakika Haberleri",Keskin´de Gelecek Partisi Gedikali´ye emanet,0.0
"Yücel Gedik  güven tazeledi | Kastamonu Gazetesi - Kastamonu ve Bölge Haberleri, Kastamonuspor, Şehir Gündemi ve Son Dakika Haberleri",Sebzecilerden ‘Gedik’e güvenoyu - Doğrusöz Gazetesi,0.2051956704170308
"Yücel Gedik  güven tazeledi | Kastamonu Gazetesi - Kastamonu ve Bölge Haberleri, Kastamonuspor, Şehir Gündemi ve Son Dakika Haberleri","Yücel Gedik  güven tazeledi | Kastamonu Gazetesi - Kastamonu ve Bölge Haberleri, Kastamonuspor, Şehir Gündemi ve Son Dakika Haberleri",0.9999999999999996
"Yücel Gedik  güven tazeledi | Kastamonu Gazetesi - Kastamonu ve Bölge Haberleri, Kastamonuspor, Şehir Gündemi ve Son Dakika Haberleri","Yücel Gedik  güven tazeledi | Kastamonu Gazetesi - Kastamonu ve Bölge Haberleri, Kastamonuspor, Şehir Gündemi ve Son Dakika Haberleri",0.9999999999999996
"Yücel Gedik  güven tazeledi | Kastamonu Gazetesi - Kastamonu ve Bölge Haberleri, Kastamonuspor, Şehir Gündemi ve Son Dakika Haberleri","Yücel Gedik  güven tazeledi | Kastamonu Gazetesi - Kastamonu ve Bölge Haberleri, Kastamonuspor, Şehir Gündemi ve Son Dakika Haberleri",0.9999999999999996
"Yücel Gedik  güven tazeledi | Kastamonu Gazetesi - Kastamonu ve Bölge Haberleri, Kastamonuspor, Şehir Gündemi ve Son Dakika Haberleri",Sebzeciler Odası’nda ‘Gedik’ güven tazeledi,0.2809757434745082
"Yücel Gedik  güven tazeledi | Kastamonu Gazetesi - Kastamonu ve Bölge Haberleri, Kastamonuspor, Şehir Gündemi ve Son Dakika Haberleri",Sebzeciler Odası’nda ‘Gedik’ güven tazeledi,0.2809757434745082
"Yücel Gedik  güven tazeledi | Kastamonu Gazetesi - Kastamonu ve Bölge Haberleri, Kastamonuspor, Şehir Gündemi ve Son Dakika Haberleri",Sebzeciler Odası’nda ‘Gedik’ güven tazeledi,0.2809757434745082
"Yücel Gedik  güven tazeledi | Kastamonu Gazetesi - Kastamonu ve Bölge Haberleri, Kastamonuspor, Şehir Gündemi ve Son Dakika Haberleri",Sebzeciler Odası’nda ‘Gedik’ güven tazeledi,0.2809757434745082
"Yücel Gedik  güven tazeledi | Kastamonu Gazetesi - Kastamonu ve Bölge Haberleri, Kastamonuspor, Şehir Gündemi ve Son Dakika Haberleri",Sebzecilerden ‘Gedik’e güvenoyu - Doğrusöz Gazetesi,0.2051956704170308
"Yücel Gedik  güven tazeledi | Kastamonu Gazetesi - Kastamonu ve Bölge Haberleri, Kastamonuspor, Şehir Gündemi ve Son Dakika Haberleri",Sebzecilerden ‘Gedik’e güvenoyu - Doğrusöz Gazetesi,0.2051956704170308
"Yücel Gedik  güven tazeledi | Kastamonu Gazetesi - Kastamonu ve Bölge Haberleri, Kastamonuspor, Şehir Gündemi ve Son Dakika Haberleri",Sebzecilerden ‘Gedik’e güvenoyu - Doğrusöz Gazetesi,0.2051956704170308
"Yücel Gedik  güven tazeledi | Kastamonu Gazetesi - Kastamonu ve Bölge Haberleri, Kastamonuspor, Şehir Gündemi ve Son Dakika Haberleri",Sebzeciler Odası’nda ‘Gedik’ güven tazeledi,0.2809757434745082
"Yücel Gedik  güven tazeledi | Kastamonu Gazetesi - Kastamonu ve Bölge Haberleri, Kastamonuspor, Şehir Gündemi ve Son Dakika Haberleri",Sebzeciler Odası’nda ‘Gedik’ güven tazeledi,0.2809757434745082
"Yücel Gedik  güven tazeledi | Kastamonu Gazetesi - Kastamonu ve Bölge Haberleri, Kastamonuspor, Şehir Gündemi ve Son Dakika Haberleri",Sebzeciler Odası’nda ‘Gedik’ güven tazeledi,0.2809757434745082
"Yücel Gedik  güven tazeledi | Kastamonu Gazetesi - Kastamonu ve Bölge Haberleri, Kastamonuspor, Şehir Gündemi ve Son Dakika Haberleri",Sebzecilerden ‘Gedik’e güvenoyu - Doğrusöz Gazetesi,0.2051956704170308
"Yücel Gedik  güven tazeledi | Kastamonu Gazetesi - Kastamonu ve Bölge Haberleri, Kastamonuspor, Şehir Gündemi ve Son Dakika Haberleri",Sebzecilerden ‘Gedik’e güvenoyu - Doğrusöz Gazetesi,0.2051956704170308
"Yücel Gedik  güven tazeledi | Kastamonu Gazetesi - Kastamonu ve Bölge Haberleri, Kastamonuspor, Şehir Gündemi ve Son Dakika Haberleri",Sebzecilerden ‘Gedik’e güvenoyu - Doğrusöz Gazetesi,0.2051956704170308
"Yücel Gedik  güven tazeledi | Kastamonu Gazetesi - Kastamonu ve Bölge Haberleri, Kastamonuspor, Şehir Gündemi ve Son Dakika Haberleri","Yücel Gedik  güven tazeledi – Kastamonu Gazetesi – Kastamonu ve Bölge Haberleri, Kastamonuspor, Şehir Gündemi ve Son Dakika Haberleri",0.9999999999999996
"Yücel Gedik  güven tazeledi | Kastamonu Gazetesi - Kastamonu ve Bölge Haberleri, Kastamonuspor, Şehir Gündemi ve Son Dakika Haberleri","Yücel Gedik  güven tazeledi | Kastamonu Gazetesi - Kastamonu ve Bölge Haberleri, Kastamonuspor, Şehir Gündemi ve Son Dakika Haberleri",0.9999999999999996
"Yücel Gedik  güven tazeledi | Kastamonu Gazetesi - Kastamonu ve Bölge Haberleri, Kastamonuspor, Şehir Gündemi ve Son Dakika Haberleri","Yücel Gedik  güven tazeledi | Kastamonu Gazetesi - Kastamonu ve Bölge Haberleri, Kastamonuspor, Şehir Gündemi ve Son Dakika Haberleri",0.9999999999999996
"Yücel Gedik  güven tazeledi | Kastamonu Gazetesi - Kastamonu ve Bölge Haberleri, Kastamonuspor, Şehir Gündemi ve Son Dakika Haberleri","Yücel Gedik  güven tazeledi | Kastamonu Gazetesi - Kastamonu ve Bölge Haberleri, Kastamonuspor, Şehir Gündemi ve Son Dakika Haberleri",0.0
"Yücel Gedik  güven tazeledi | Kastamonu Gazetesi - Kastamonu ve Bölge Haberleri, Kastamonuspor, Şehir Gündemi ve Son Dakika Haberleri",Keskin´de Gelecek Partisi Gedikali´ye emanet,0.0
"Yücel Gedik  güven tazeledi | Kastamonu Gazetesi - Kastamonu ve Bölge Haberleri, Kastamonuspor, Şehir Gündemi ve Son Dakika Haberleri",Sebzecilerden ‘Gedik’e güvenoyu - Doğrusöz Gazetesi,0.2051956704170308
"Yücel Gedik  güven tazeledi | Kastamonu Gazetesi - Kastamonu ve Bölge Haberleri, Kastamonuspor, Şehir Gündemi ve Son Dakika Haberleri","Yücel Gedik  güven tazeledi | Kastamonu Gazetesi - Kastamonu ve Bölge Haberleri, Kastamonuspor, Şehir Gündemi ve Son Dakika Haberleri",0.9999999999999996
"Yücel Gedik  güven tazeledi | Kastamonu Gazetesi - Kastamonu ve Bölge Haberleri, Kastamonuspor, Şehir Gündemi ve Son Dakika Haberleri","Yücel Gedik  güven tazeledi | Kastamonu Gazetesi - Kastamonu ve Bölge Haberleri, Kastamonuspor, Şehir Gündemi ve Son Dakika Haberleri",0.9999999999999996
"Yücel Gedik  güven tazeledi | Kastamonu Gazetesi - Kastamonu ve Bölge Haberleri, Kastamonuspor, Şehir Gündemi ve Son Dakika Haberleri","Yücel Gedik  güven tazeledi | Kastamonu Gazetesi - Kastamonu ve Bölge Haberleri, Kastamonuspor, Şehir Gündemi ve Son Dakika Haberleri",0.9999999999999996
Keskin´de Gelecek Partisi Gedikali´ye emanet,Sebzeciler Odası’nda ‘Gedik’ güven tazeledi,0.0
Keskin´de Gelecek Partisi Gedikali´ye emanet,Sebzeciler Odası’nda ‘Gedik’ güven tazeledi,0.0
Keskin´de Gelecek Partisi Gedikali´ye emanet,Sebzeciler Odası’nda ‘Gedik’ güven tazeledi,0.0
Keskin´de Gelecek Partisi Gedikali´ye emanet,Sebzeciler Odası’nda ‘Gedik’ güven tazeledi,0.0
Keskin´de Gelecek Partisi Gedikali´ye emanet,Sebzecilerden ‘Gedik’e güvenoyu - Doğrusöz Gazetesi,0.0
Keskin´de Gelecek Partisi Gedikali´ye emanet,Sebzecilerden ‘Gedik’e güvenoyu - Doğrusöz Gazetesi,0.0
Keskin´de Gelecek Partisi Gedikali´ye emanet,Sebzecilerden ‘Gedik’e güvenoyu - Doğrusöz Gazetesi,0.0
Keskin´de Gelecek Partisi Gedikali´ye emanet,Sebzeciler Odası’nda ‘Gedik’ güven tazeledi,0.0
Keskin´de Gelecek Partisi Gedikali´ye emanet,Sebzeciler Odası’nda ‘Gedik’ güven tazeledi,0.0
Keskin´de Gelecek Partisi Gedikali´ye emanet,Sebzeciler Odası’nda ‘Gedik’ güven tazeledi,0.0
Keskin´de Gelecek Partisi Gedikali´ye emanet,Sebzecilerden ‘Gedik’e güvenoyu - Doğrusöz Gazetesi,0.0
Keskin´de Gelecek Partisi Gedikali´ye emanet,Sebzecilerden ‘Gedik’e güvenoyu - Doğrusöz Gazetesi,0.0
Keskin´de Gelecek Partisi Gedikali´ye emanet,Sebzecilerden ‘Gedik’e güvenoyu - Doğrusöz Gazetesi,0.0
Keskin´de Gelecek Partisi Gedikali´ye emanet,"Yücel Gedik  güven tazeledi – Kastamonu Gazetesi – Kastamonu ve Bölge Haberleri, Kastamonuspor, Şehir Gündemi ve Son Dakika Haberleri",0.0
Keskin´de Gelecek Partisi Gedikali´ye emanet,"Yücel Gedik  güven tazeledi | Kastamonu Gazetesi - Kastamonu ve Bölge Haberleri, Kastamonuspor, Şehir Gündemi ve Son Dakika Haberleri",0.0
Keskin´de Gelecek Partisi Gedikali´ye emanet,"Yücel Gedik  güven tazeledi | Kastamonu Gazetesi - Kastamonu ve Bölge Haberleri, Kastamonuspor, Şehir Gündemi ve Son Dakika Haberleri",0.0
Keskin´de Gelecek Partisi Gedikali´ye emanet,"Yücel Gedik  güven tazeledi | Kastamonu Gazetesi - Kastamonu ve Bölge Haberleri, Kastamonuspor, Şehir Gündemi ve Son Dakika Haberleri",0.0
Keskin´de Gelecek Partisi Gedikali´ye emanet,Keskin´de Gelecek Partisi Gedikali´ye emanet,0.0
Keskin´de Gelecek Partisi Gedikali´ye emanet,Sebzecilerden ‘Gedik’e güvenoyu - Doğrusöz Gazetesi,0.0
Keskin´de Gelecek Partisi Gedikali´ye emanet,"Yücel Gedik  güven tazeledi | Kastamonu Gazetesi - Kastamonu ve Bölge Haberleri, Kastamonuspor, Şehir Gündemi ve Son Dakika Haberleri",0.0
Keskin´de Gelecek Partisi Gedikali´ye emanet,"Yücel Gedik  güven tazeledi | Kastamonu Gazetesi - Kastamonu ve Bölge Haberleri, Kastamonuspor, Şehir Gündemi ve Son Dakika Haberleri",0.0
Keskin´de Gelecek Partisi Gedikali´ye emanet,"Yücel Gedik  güven tazeledi | Kastamonu Gazetesi - Kastamonu ve Bölge Haberleri, Kastamonuspor, Şehir Gündemi ve Son Dakika Haberleri",0.0
Sebzecilerden ‘Gedik’e güvenoyu - Doğrusöz Gazetesi,Sebzeciler Odası’nda ‘Gedik’ güven tazeledi,0.18257418583505539
Sebzecilerden ‘Gedik’e güvenoyu - Doğrusöz Gazetesi,Sebzeciler Odası’nda ‘Gedik’ güven tazeledi,0.18257418583505539
Sebzecilerden ‘Gedik’e güvenoyu - Doğrusöz Gazetesi,Sebzeciler Odası’nda ‘Gedik’ güven tazeledi,0.18257418583505539
Sebzecilerden ‘Gedik’e güvenoyu - Doğrusöz Gazetesi,Sebzeciler Odası’nda ‘Gedik’ güven tazeledi,0.18257418583505539
Sebzecilerden ‘Gedik’e güvenoyu - Doğrusöz Gazetesi,Sebzecilerden ‘Gedik’e güvenoyu - Doğrusöz Gazetesi,0.9999999999999999
Sebzecilerden ‘Gedik’e güvenoyu - Doğrusöz Gazetesi,Sebzecilerden ‘Gedik’e güvenoyu - Doğrusöz Gazetesi,0.9999999999999999
Sebzecilerden ‘Gedik’e güvenoyu - Doğrusöz Gazetesi,Sebzecilerden ‘Gedik’e güvenoyu - Doğrusöz Gazetesi,0.9999999999999999
Sebzecilerden ‘Gedik’e güvenoyu - Doğrusöz Gazetesi,Sebzeciler Odası’nda ‘Gedik’ güven tazeledi,0.18257418583505539
Sebzecilerden ‘Gedik’e güvenoyu - Doğrusöz Gazetesi,Sebzeciler Odası’nda ‘Gedik’ güven tazeledi,0.18257418583505539
Sebzecilerden ‘Gedik’e güvenoyu - Doğrusöz Gazetesi,Sebzeciler Odası’nda ‘Gedik’ güven tazeledi,0.18257418583505539
Sebzecilerden ‘Gedik’e güvenoyu - Doğrusöz Gazetesi,Sebzecilerden ‘Gedik’e güvenoyu - Doğrusöz Gazetesi,0.9999999999999999
Sebzecilerden ‘Gedik’e güvenoyu - Doğrusöz Gazetesi,Sebzecilerden ‘Gedik’e güvenoyu - Doğrusöz Gazetesi,0.9999999999999999
Sebzecilerden ‘Gedik’e güvenoyu - Doğrusöz Gazetesi,Sebzecilerden ‘Gedik’e güvenoyu - Doğrusöz Gazetesi,0.9999999999999999
Sebzecilerden ‘Gedik’e güvenoyu - Doğrusöz Gazetesi,"Yücel Gedik  güven tazeledi – Kastamonu Gazetesi – Kastamonu ve Bölge Haberleri, Kastamonuspor, Şehir Gündemi ve Son Dakika Haberleri",0.2051956704170308
Sebzecilerden ‘Gedik’e güvenoyu - Doğrusöz Gazetesi,"Yücel Gedik  güven tazeledi | Kastamonu Gazetesi - Kastamonu ve Bölge Haberleri, Kastamonuspor, Şehir Gündemi ve Son Dakika Haberleri",0.2051956704170308
Sebzecilerden ‘Gedik’e güvenoyu - Doğrusöz Gazetesi,"Yücel Gedik  güven tazeledi | Kastamonu Gazetesi - Kastamonu ve Bölge Haberleri, Kastamonuspor, Şehir Gündemi ve Son Dakika Haberleri",0.2051956704170308
Sebzecilerden ‘Gedik’e güvenoyu - Doğrusöz Gazetesi,"Yücel Gedik  güven tazeledi | Kastamonu Gazetesi - Kastamonu ve Bölge Haberleri, Kastamonuspor, Şehir Gündemi ve Son Dakika Haberleri",0.2051956704170308
Sebzecilerden ‘Gedik’e güvenoyu - Doğrusöz Gazetesi,Keskin´de Gelecek Partisi Gedikali´ye emanet,0.0
Sebzecilerden ‘Gedik’e güvenoyu - Doğrusöz Gazetesi,Sebzecilerden ‘Gedik’e güvenoyu - Doğrusöz Gazetesi,0.0
Sebzecilerden ‘Gedik’e güvenoyu - Doğrusöz Gazetesi,"Yücel Gedik  güven tazeledi | Kastamonu Gazetesi - Kastamonu ve Bölge Haberleri, Kastamonuspor, Şehir Gündemi ve Son Dakika Haberleri",0.2051956704170308
Sebzecilerden ‘Gedik’e güvenoyu - Doğrusöz Gazetesi,"Yücel Gedik  güven tazeledi | Kastamonu Gazetesi - Kastamonu ve Bölge Haberleri, Kastamonuspor, Şehir Gündemi ve Son Dakika Haberleri",0.2051956704170308
Sebzecilerden ‘Gedik’e güvenoyu - Doğrusöz Gazetesi,"Yücel Gedik  güven tazeledi | Kastamonu Gazetesi - Kastamonu ve Bölge Haberleri, Kastamonuspor, Şehir Gündemi ve Son Dakika Haberleri",0.2051956704170308
"Yücel Gedik  güven tazeledi | Kastamonu Gazetesi - Kastamonu ve Bölge Haberleri, Kastamonuspor, Şehir Gündemi ve Son Dakika Haberleri",Sebzeciler Odası’nda ‘Gedik’ güven tazeledi,0.2809757434745082
"Yücel Gedik  güven tazeledi | Kastamonu Gazetesi - Kastamonu ve Bölge Haberleri, Kastamonuspor, Şehir Gündemi ve Son Dakika Haberleri",Sebzeciler Odası’nda ‘Gedik’ güven tazeledi,0.2809757434745082
"Yücel Gedik  güven tazeledi | Kastamonu Gazetesi - Kastamonu ve Bölge Haberleri, Kastamonuspor, Şehir Gündemi ve Son Dakika Haberleri",Sebzeciler Odası’nda ‘Gedik’ güven tazeledi,0.2809757434745082
"Yücel Gedik  güven tazeledi | Kastamonu Gazetesi - Kastamonu ve Bölge Haberleri, Kastamonuspor, Şehir Gündemi ve Son Dakika Haberleri",Sebzeciler Odası’nda ‘Gedik’ güven tazeledi,0.2809757434745082
"Yücel Gedik  güven tazeledi | Kastamonu Gazetesi - Kastamonu ve Bölge Haberleri, Kastamonuspor, Şehir Gündemi ve Son Dakika Haberleri",Sebzecilerden ‘Gedik’e güvenoyu - Doğrusöz Gazetesi,0.2051956704170308
"Yücel Gedik  güven tazeledi | Kastamonu Gazetesi - Kastamonu ve Bölge Haberleri, Kastamonuspor, Şehir Gündemi ve Son Dakika Haberleri",Sebzecilerden ‘Gedik’e güvenoyu - Doğrusöz Gazetesi,0.2051956704170308
"Yücel Gedik  güven tazeledi | Kastamonu Gazetesi - Kastamonu ve Bölge Haberleri, Kastamonuspor, Şehir Gündemi ve Son Dakika Haberleri",Sebzecilerden ‘Gedik’e güvenoyu - Doğrusöz Gazetesi,0.2051956704170308
"Yücel Gedik  güven tazeledi | Kastamonu Gazetesi - Kastamonu ve Bölge Haberleri, Kastamonuspor, Şehir Gündemi ve Son Dakika Haberleri",Sebzeciler Odası’nda ‘Gedik’ güven tazeledi,0.2809757434745082
"Yücel Gedik  güven tazeledi | Kastamonu Gazetesi - Kastamonu ve Bölge Haberleri, Kastamonuspor, Şehir Gündemi ve Son Dakika Haberleri",Sebzeciler Odası’nda ‘Gedik’ güven tazeledi,0.2809757434745082
"Yücel Gedik  güven tazeledi | Kastamonu Gazetesi - Kastamonu ve Bölge Haberleri, Kastamonuspor, Şehir Gündemi ve Son Dakika Haberleri",Sebzeciler Odası’nda ‘Gedik’ güven tazeledi,0.2809757434745082
"Yücel Gedik  güven tazeledi | Kastamonu Gazetesi - Kastamonu ve Bölge Haberleri, Kastamonuspor, Şehir Gündemi ve Son Dakika Haberleri",Sebzecilerden ‘Gedik’e güvenoyu - Doğrusöz Gazetesi,0.2051956704170308
"Yücel Gedik  güven tazeledi | Kastamonu Gazetesi - Kastamonu ve Bölge Haberleri, Kastamonuspor, Şehir Gündemi ve Son Dakika Haberleri",Sebzecilerden ‘Gedik’e güvenoyu - Doğrusöz Gazetesi,0.2051956704170308
"Yücel Gedik  güven tazeledi | Kastamonu Gazetesi - Kastamonu ve Bölge Haberleri, Kastamonuspor, Şehir Gündemi ve Son Dakika Haberleri",Sebzecilerden ‘Gedik’e güvenoyu - Doğrusöz Gazetesi,0.2051956704170308
"Yücel Gedik  güven tazeledi | Kastamonu Gazetesi - Kastamonu ve Bölge Haberleri, Kastamonuspor, Şehir Gündemi ve Son Dakika Haberleri","Yücel Gedik  güven tazeledi – Kastamonu Gazetesi – Kastamonu ve Bölge Haberleri, Kastamonuspor, Şehir Gündemi ve Son Dakika Haberleri",0.9999999999999996
"Yücel Gedik  güven tazeledi | Kastamonu Gazetesi - Kastamonu ve Bölge Haberleri, Kastamonuspor, Şehir Gündemi ve Son Dakika Haberleri","Yücel Gedik  güven tazeledi | Kastamonu Gazetesi - Kastamonu ve Bölge Haberleri, Kastamonuspor, Şehir Gündemi ve Son Dakika Haberleri",0.9999999999999996
"Yücel Gedik  güven tazeledi | Kastamonu Gazetesi - Kastamonu ve Bölge Haberleri, Kastamonuspor, Şehir Gündemi ve Son Dakika Haberleri","Yücel Gedik  güven tazeledi | Kastamonu Gazetesi - Kastamonu ve Bölge Haberleri, Kastamonuspor, Şehir Gündemi ve Son Dakika Haberleri",0.9999999999999996
"Yücel Gedik  güven tazeledi | Kastamonu Gazetesi - Kastamonu ve Bölge Haberleri, Kastamonuspor, Şehir Gündemi ve Son Dakika Haberleri","Yücel Gedik  güven tazeledi | Kastamonu Gazetesi - Kastamonu ve Bölge Haberleri, Kastamonuspor, Şehir Gündemi ve Son Dakika Haberleri",0.9999999999999996
"Yücel Gedik  güven tazeledi | Kastamonu Gazetesi - Kastamonu ve Bölge Haberleri, Kastamonuspor, Şehir Gündemi ve Son Dakika Haberleri",Keskin´de Gelecek Partisi Gedikali´ye emanet,0.0
"Yücel Gedik  güven tazeledi | Kastamonu Gazetesi - Kastamonu ve Bölge Haberleri, Kastamonuspor, Şehir Gündemi ve Son Dakika Haberleri",Sebzecilerden ‘Gedik’e güvenoyu - Doğrusöz Gazetesi,0.2051956704170308
"Yücel Gedik  güven tazeledi | Kastamonu Gazetesi - Kastamonu ve Bölge Haberleri, Kastamonuspor, Şehir Gündemi ve Son Dakika Haberleri","Yücel Gedik  güven tazeledi | Kastamonu Gazetesi - Kastamonu ve Bölge Haberleri, Kastamonuspor, Şehir Gündemi ve Son Dakika Haberleri",0.0
"Yücel Gedik  güven tazeledi | Kastamonu Gazetesi - Kastamonu ve Bölge Haberleri, Kastamonuspor, Şehir Gündemi ve Son Dakika Haberleri","Yücel Gedik  güven tazeledi | Kastamonu Gazetesi - Kastamonu ve Bölge Haberleri, Kastamonuspor, Şehir Gündemi ve Son Dakika Haberleri",0.9999999999999996
"Yücel Gedik  güven tazeledi | Kastamonu Gazetesi - Kastamonu ve Bölge Haberleri, Kastamonuspor, Şehir Gündemi ve Son Dakika Haberleri","Yücel Gedik  güven tazeledi | Kastamonu Gazetesi - Kastamonu ve Bölge Haberleri, Kastamonuspor, Şehir Gündemi ve Son Dakika Haberleri",0.9999999999999996
"Yücel Gedik  güven tazeledi | Kastamonu Gazetesi - Kastamonu ve Bölge Haberleri, Kastamonuspor, Şehir Gündemi ve Son Dakika Haberleri",Sebzeciler Odası’nda ‘Gedik’ güven tazeledi,0.2809757434745082
"Yücel Gedik  güven tazeledi | Kastamonu Gazetesi - Kastamonu ve Bölge Haberleri, Kastamonuspor, Şehir Gündemi ve Son Dakika Haberleri",Sebzeciler Odası’nda ‘Gedik’ güven tazeledi,0.2809757434745082
"Yücel Gedik  güven tazeledi | Kastamonu Gazetesi - Kastamonu ve Bölge Haberleri, Kastamonuspor, Şehir Gündemi ve Son Dakika Haberleri",Sebzeciler Odası’nda ‘Gedik’ güven tazeledi,0.2809757434745082
"Yücel Gedik  güven tazeledi | Kastamonu Gazetesi - Kastamonu ve Bölge Haberleri, Kastamonuspor, Şehir Gündemi ve Son Dakika Haberleri",Sebzeciler Odası’nda ‘Gedik’ güven tazeledi,0.2809757434745082
"Yücel Gedik  güven tazeledi | Kastamonu Gazetesi - Kastamonu ve Bölge Haberleri, Kastamonuspor, Şehir Gündemi ve Son Dakika Haberleri",Sebzecilerden ‘Gedik’e güvenoyu - Doğrusöz Gazetesi,0.2051956704170308
"Yücel Gedik  güven tazeledi | Kastamonu Gazetesi - Kastamonu ve Bölge Haberleri, Kastamonuspor, Şehir Gündemi ve Son Dakika Haberleri",Sebzecilerden ‘Gedik’e güvenoyu - Doğrusöz Gazetesi,0.2051956704170308
"Yücel Gedik  güven tazeledi | Kastamonu Gazetesi - Kastamonu ve Bölge Haberleri, Kastamonuspor, Şehir Gündemi ve Son Dakika Haberleri",Sebzecilerden ‘Gedik’e güvenoyu - Doğrusöz Gazetesi,0.2051956704170308
"Yücel Gedik  güven tazeledi | Kastamonu Gazetesi - Kastamonu ve Bölge Haberleri, Kastamonuspor, Şehir Gündemi ve Son Dakika Haberleri",Sebzeciler Odası’nda ‘Gedik’ güven tazeledi,0.2809757434745082
"Yücel Gedik  güven tazeledi | Kastamonu Gazetesi - Kastamonu ve Bölge Haberleri, Kastamonuspor, Şehir Gündemi ve Son Dakika Haberleri",Sebzeciler Odası’nda ‘Gedik’ güven tazeledi,0.2809757434745082
"Yücel Gedik  güven tazeledi | Kastamonu Gazetesi - Kastamonu ve Bölge Haberleri, Kastamonuspor, Şehir Gündemi ve Son Dakika Haberleri",Sebzeciler Odası’nda ‘Gedik’ güven tazeledi,0.2809757434745082
"Yücel Gedik  güven tazeledi | Kastamonu Gazetesi - Kastamonu ve Bölge Haberleri, Kastamonuspor, Şehir Gündemi ve Son Dakika Haberleri",Sebzecilerden ‘Gedik’e güvenoyu - Doğrusöz Gazetesi,0.2051956704170308
"Yücel Gedik  güven tazeledi | Kastamonu Gazetesi - Kastamonu ve Bölge Haberleri, Kastamonuspor, Şehir Gündemi ve Son Dakika Haberleri",Sebzecilerden ‘Gedik’e güvenoyu - Doğrusöz Gazetesi,0.2051956704170308
"Yücel Gedik  güven tazeledi | Kastamonu Gazetesi - Kastamonu ve Bölge Haberleri, Kastamonuspor, Şehir Gündemi ve Son Dakika Haberleri",Sebzecilerden ‘Gedik’e güvenoyu - Doğrusöz Gazetesi,0.2051956704170308
"Yücel Gedik  güven tazeledi | Kastamonu Gazetesi - Kastamonu ve Bölge Haberleri, Kastamonuspor, Şehir Gündemi ve Son Dakika Haberleri","Yücel Gedik  güven tazeledi – Kastamonu Gazetesi – Kastamonu ve Bölge Haberleri, Kastamonuspor, Şehir Gündemi ve Son Dakika Haberleri",0.9999999999999996
"Yücel Gedik  güven tazeledi | Kastamonu Gazetesi - Kastamonu ve Bölge Haberleri, Kastamonuspor, Şehir Gündemi ve Son Dakika Haberleri","Yücel Gedik  güven tazeledi | Kastamonu Gazetesi - Kastamonu ve Bölge Haberleri, Kastamonuspor, Şehir Gündemi ve Son Dakika Haberleri",0.9999999999999996
"Yücel Gedik  güven tazeledi | Kastamonu Gazetesi - Kastamonu ve Bölge Haberleri, Kastamonuspor, Şehir Gündemi ve Son Dakika Haberleri","Yücel Gedik  güven tazeledi | Kastamonu Gazetesi - Kastamonu ve Bölge Haberleri, Kastamonuspor, Şehir Gündemi ve Son Dakika Haberleri",0.9999999999999996
"Yücel Gedik  güven tazeledi | Kastamonu Gazetesi - Kastamonu ve Bölge Haberleri, Kastamonuspor, Şehir Gündemi ve Son Dakika Haberleri","Yücel Gedik  güven tazeledi | Kastamonu Gazetesi - Kastamonu ve Bölge Haberleri, Kastamonuspor, Şehir Gündemi ve Son Dakika Haberleri",0.9999999999999996
"Yücel Gedik  güven tazeledi | Kastamonu Gazetesi - Kastamonu ve Bölge Haberleri, Kastamonuspor, Şehir Gündemi ve Son Dakika Haberleri",Keskin´de Gelecek Partisi Gedikali´ye emanet,0.0
"Yücel Gedik  güven tazeledi | Kastamonu Gazetesi - Kastamonu ve Bölge Haberleri, Kastamonuspor, Şehir Gündemi ve Son Dakika Haberleri",Sebzecilerden ‘Gedik’e güvenoyu - Doğrusöz Gazetesi,0.2051956704170308
"Yücel Gedik  güven tazeledi | Kastamonu Gazetesi - Kastamonu ve Bölge Haberleri, Kastamonuspor, Şehir Gündemi ve Son Dakika Haberleri","Yücel Gedik  güven tazeledi | Kastamonu Gazetesi - Kastamonu ve Bölge Haberleri, Kastamonuspor, Şehir Gündemi ve Son Dakika Haberleri",0.9999999999999996
"Yücel Gedik  güven tazeledi | Kastamonu Gazetesi - Kastamonu ve Bölge Haberleri, Kastamonuspor, Şehir Gündemi ve Son Dakika Haberleri","Yücel Gedik  güven tazeledi | Kastamonu Gazetesi - Kastamonu ve Bölge Haberleri, Kastamonuspor, Şehir Gündemi ve Son Dakika Haberleri",0.0
"Yücel Gedik  güven tazeledi | Kastamonu Gazetesi - Kastamonu ve Bölge Haberleri, Kastamonuspor, Şehir Gündemi ve Son Dakika Haberleri","Yücel Gedik  güven tazeledi | Kastamonu Gazetesi - Kastamonu ve Bölge Haberleri, Kastamonuspor, Şehir Gündemi ve Son Dakika Haberleri",0.9999999999999996
"Yücel Gedik  güven tazeledi | Kastamonu Gazetesi - Kastamonu ve Bölge Haberleri, Kastamonuspor, Şehir Gündemi ve Son Dakika Haberleri",Sebzeciler Odası’nda ‘Gedik’ güven tazeledi,0.2809757434745082
"Yücel Gedik  güven tazeledi | Kastamonu Gazetesi - Kastamonu ve Bölge Haberleri, Kastamonuspor, Şehir Gündemi ve Son Dakika Haberleri",Sebzeciler Odası’nda ‘Gedik’ güven tazeledi,0.2809757434745082
"Yücel Gedik  güven tazeledi | Kastamonu Gazetesi - Kastamonu ve Bölge Haberleri, Kastamonuspor, Şehir Gündemi ve Son Dakika Haberleri",Sebzeciler Odası’nda ‘Gedik’ güven tazeledi,0.2809757434745082
"Yücel Gedik  güven tazeledi | Kastamonu Gazetesi - Kastamonu ve Bölge Haberleri, Kastamonuspor, Şehir Gündemi ve Son Dakika Haberleri",Sebzeciler Odası’nda ‘Gedik’ güven tazeledi,0.2809757434745082
"Yücel Gedik  güven tazeledi | Kastamonu Gazetesi - Kastamonu ve Bölge Haberleri, Kastamonuspor, Şehir Gündemi ve Son Dakika Haberleri",Sebzecilerden ‘Gedik’e güvenoyu - Doğrusöz Gazetesi,0.2051956704170308
"Yücel Gedik  güven tazeledi | Kastamonu Gazetesi - Kastamonu ve Bölge Haberleri, Kastamonuspor, Şehir Gündemi ve Son Dakika Haberleri",Sebzecilerden ‘Gedik’e güvenoyu - Doğrusöz Gazetesi,0.2051956704170308
"Yücel Gedik  güven tazeledi | Kastamonu Gazetesi - Kastamonu ve Bölge Haberleri, Kastamonuspor, Şehir Gündemi ve Son Dakika Haberleri",Sebzecilerden ‘Gedik’e güvenoyu - Doğrusöz Gazetesi,0.2051956704170308
"Yücel Gedik  güven tazeledi | Kastamonu Gazetesi - Kastamonu ve Bölge Haberleri, Kastamonuspor, Şehir Gündemi ve Son Dakika Haberleri",Sebzeciler Odası’nda ‘Gedik’ güven tazeledi,0.2809757434745082
"Yücel Gedik  güven tazeledi | Kastamonu Gazetesi - Kastamonu ve Bölge Haberleri, Kastamonuspor, Şehir Gündemi ve Son Dakika Haberleri",Sebzeciler Odası’nda ‘Gedik’ güven tazeledi,0.2809757434745082
"Yücel Gedik  güven tazeledi | Kastamonu Gazetesi - Kastamonu ve Bölge Haberleri, Kastamonuspor, Şehir Gündemi ve Son Dakika Haberleri",Sebzeciler Odası’nda ‘Gedik’ güven tazeledi,0.2809757434745082
"Yücel Gedik  güven tazeledi | Kastamonu Gazetesi - Kastamonu ve Bölge Haberleri, Kastamonuspor, Şehir Gündemi ve Son Dakika Haberleri",Sebzecilerden ‘Gedik’e güvenoyu - Doğrusöz Gazetesi,0.2051956704170308
"Yücel Gedik  güven tazeledi | Kastamonu Gazetesi - Kastamonu ve Bölge Haberleri, Kastamonuspor, Şehir Gündemi ve Son Dakika Haberleri",Sebzecilerden ‘Gedik’e güvenoyu - Doğrusöz Gazetesi,0.2051956704170308
"Yücel Gedik  güven tazeledi | Kastamonu Gazetesi - Kastamonu ve Bölge Haberleri, Kastamonuspor, Şehir Gündemi ve Son Dakika Haberleri",Sebzecilerden ‘Gedik’e güvenoyu - Doğrusöz Gazetesi,0.2051956704170308
"Yücel Gedik  güven tazeledi | Kastamonu Gazetesi - Kastamonu ve Bölge Haberleri, Kastamonuspor, Şehir Gündemi ve Son Dakika Haberleri","Yücel Gedik  güven tazeledi – Kastamonu Gazetesi – Kastamonu ve Bölge Haberleri, Kastamonuspor, Şehir Gündemi ve Son Dakika Haberleri",0.9999999999999996
"Yücel Gedik  güven tazeledi | Kastamonu Gazetesi - Kastamonu ve Bölge Haberleri, Kastamonuspor, Şehir Gündemi ve Son Dakika Haberleri","Yücel Gedik  güven tazeledi | Kastamonu Gazetesi - Kastamonu ve Bölge Haberleri, Kastamonuspor, Şehir Gündemi ve Son Dakika Haberleri",0.9999999999999996
"Yücel Gedik  güven tazeledi | Kastamonu Gazetesi - Kastamonu ve Bölge Haberleri, Kastamonuspor, Şehir Gündemi ve Son Dakika Haberleri","Yücel Gedik  güven tazeledi | Kastamonu Gazetesi - Kastamonu ve Bölge Haberleri, Kastamonuspor, Şehir Gündemi ve Son Dakika Haberleri",0.9999999999999996
"Yücel Gedik  güven tazeledi | Kastamonu Gazetesi - Kastamonu ve Bölge Haberleri, Kastamonuspor, Şehir Gündemi ve Son Dakika Haberleri","Yücel Gedik  güven tazeledi | Kastamonu Gazetesi - Kastamonu ve Bölge Haberleri, Kastamonuspor, Şehir Gündemi ve Son Dakika Haberleri",0.9999999999999996
"Yücel Gedik  güven tazeledi | Kastamonu Gazetesi - Kastamonu ve Bölge Haberleri, Kastamonuspor, Şehir Gündemi ve Son Dakika Haberleri",Keskin´de Gelecek Partisi Gedikali´ye emanet,0.0
"Yücel Gedik  güven tazeledi | Kastamonu Gazetesi - Kastamonu ve Bölge Haberleri, Kastamonuspor, Şehir Gündemi ve Son Dakika Haberleri",Sebzecilerden ‘Gedik’e güvenoyu - Doğrusöz Gazetesi,0.2051956704170308
"Yücel Gedik  güven tazeledi | Kastamonu Gazetesi - Kastamonu ve Bölge Haberleri, Kastamonuspor, Şehir Gündemi ve Son Dakika Haberleri","Yücel Gedik  güven tazeledi | Kastamonu Gazetesi - Kastamonu ve Bölge Haberleri, Kastamonuspor, Şehir Gündemi ve Son Dakika Haberleri",0.9999999999999996
"Yücel Gedik  güven tazeledi | Kastamonu Gazetesi - Kastamonu ve Bölge Haberleri, Kastamonuspor, Şehir Gündemi ve Son Dakika Haberleri","Yücel Gedik  güven tazeledi | Kastamonu Gazetesi - Kastamonu ve Bölge Haberleri, Kastamonuspor, Şehir Gündemi ve Son Dakika Haberleri",0.9999999999999996
"Yücel Gedik  güven tazeledi | Kastamonu Gazetesi - Kastamonu ve Bölge Haberleri, Kastamonuspor, Şehir Gündemi ve Son Dakika Haberleri","Yücel Gedik  güven tazeledi | Kastamonu Gazetesi - Kastamonu ve Bölge Haberleri, Kastamonuspor, Şehir Gündemi ve Son Dakika Haberleri",0.0
